W51AA,51.528642,-0.297937,Ealing
W51AB,51.528606,-0.298558,Ealing
W51AD,51.522807,-0.310975,Ealing
W51AE,51.529542,-0.299244,Ealing
W51AF,51.529648,-0.300970,Ealing
W51AG,51.529185,-0.302559,Ealing
W51AH,51.529778,-0.298803,Ealing
W51AJ,51.528977,-0.294392,Ealing
W51AL,51.529418,-0.296789,Ealing
W51AN,51.529260,-0.295924,Ealing
W51AP,51.528603,-0.297102,Ealing
W51AQ,51.529634,-0.302499,Ealing
W51AR,51.528060,-0.295046,Ealing
W51AS,51.527509,-0.293005,Ealing
W51AT,51.527857,-0.294088,Ealing
W51AU,51.523012,-0.310276,Ealing
W51AW,51.528615,-0.294247,Ealing
W51AY,51.531291,-0.295710,Ealing
W51AZ,51.525383,-0.305136,Ealing
W51BA,51.527137,-0.306455,Ealing
W51BB,51.528566,-0.305162,Ealing
W51BD,51.528375,-0.304391,Ealing
W51BE,51.527286,-0.305541,Ealing
W51BF,51.531291,-0.295710,Ealing
W51BG,51.527329,-0.304156,Ealing
W51BJ,51.525705,-0.304432,Ealing
W51BL,51.531291,-0.295710,Ealing
W51BN,51.531291,-0.295710,Ealing
W51BP,51.531291,-0.295710,Ealing
W51BQ,51.527027,-0.303807,Ealing
W51BS,51.531094,-0.296424,Ealing
W51BT,51.530894,-0.293764,Ealing
W51BU,51.524140,-0.315619,Ealing
W51BX,51.523064,-0.312718,Ealing
W51BY,51.522949,-0.312247,Ealing
W51BZ,51.525148,-0.316923,Ealing
W51DA,51.524194,-0.316251,Ealing
W51DB,51.523240,-0.315551,Ealing
W51DD,51.522656,-0.313122,Ealing
W51DE,51.522316,-0.313193,Ealing
W51DL,51.530072,-0.292996,Ealing
W51DN,51.533221,-0.296829,Ealing
W51DP,51.533539,-0.295808,Ealing
W51DR,51.532610,-0.299389,Ealing
W51DT,51.531881,-0.298076,Ealing
W51DX,51.534617,-0.295767,Ealing
W51DY,51.532587,-0.294704,Ealing
W51DZ,51.533902,-0.292954,Ealing
W51EA,51.533563,-0.293154,Ealing
W51EB,51.532667,-0.292798,Ealing
W51ED,51.533462,-0.294253,Ealing
W51EE,51.531492,-0.292352,Ealing
W51EF,51.530809,-0.292392,Ealing
W51EL,51.532188,-0.295671,Ealing
W51EN,51.526131,-0.293461,Ealing
W51EP,51.526881,-0.293130,Ealing
W51ET,51.529499,-0.293205,Ealing
W51EW,51.526555,-0.292955,Ealing
W51EX,51.529743,-0.295776,Ealing
W51EY,51.529903,-0.296852,Ealing
W51EZ,51.528929,-0.292952,Ealing
W51HB,51.530035,-0.297308,Ealing
W51HD,51.529727,-0.295287,Ealing
W51HE,51.529868,-0.296305,Ealing
W51HF,51.526484,-0.293649,Ealing
W51HG,51.529643,-0.294330,Ealing
W51HH,51.524506,-0.293017,Ealing
W51HJ,51.524279,-0.294106,Ealing
W51HL,51.524413,-0.294692,Ealing
W51HN,51.524565,-0.295249,Ealing
W51HP,51.525687,-0.296251,Ealing
W51HR,51.522764,-0.314329,Ealing
W51HS,51.530526,-0.295710,Ealing
W51HW,51.524275,-0.295583,Ealing
W51HZ,51.528397,-0.295985,Ealing
W51JB,51.528394,-0.295149,Ealing
W51JD,51.527725,-0.297380,Ealing
W51JE,51.527227,-0.294659,Ealing
W51JF,51.527730,-0.294626,Ealing
W51JG,51.526956,-0.299528,Ealing
W51JH,51.530227,-0.300631,Ealing
W51JJ,51.528746,-0.300182,Ealing
W51JL,51.530566,-0.299783,Ealing
W51JQ,51.528594,-0.299640,Ealing
W51JX,51.525584,-0.302260,Ealing
W51JY,51.526004,-0.302115,Ealing
W51JZ,51.525431,-0.299772,Ealing
W51LA,51.526846,-0.301262,Ealing
W51LB,51.527661,-0.302875,Ealing
W51LD,51.528043,-0.302529,Ealing
W51LE,51.528353,-0.301624,Ealing
W51LF,51.528390,-0.301046,Ealing
W51LG,51.527834,-0.301744,Ealing
W51LJ,51.528272,-0.302203,Ealing
W51LP,51.528146,-0.312213,Ealing
W51LR,51.528299,-0.313447,Ealing
W51LS,51.528082,-0.315257,Ealing
W51LT,51.527834,-0.317386,Ealing
W51LU,51.527777,-0.315254,Ealing
W51LX,51.526930,-0.314441,Ealing
W51LY,51.526936,-0.314954,Ealing
W51LZ,51.526809,-0.315492,Ealing
W51NA,51.526735,-0.315970,Ealing
W51NB,51.527565,-0.317396,Ealing
W51ND,51.527082,-0.318250,Ealing
W51NE,51.526732,-0.317066,Ealing
W51NF,51.526754,-0.316567,Ealing
W51NN,51.528634,-0.306731,Ealing
W51NP,51.528900,-0.308322,Ealing
W51NR,51.528665,-0.311401,Ealing
W51NS,51.528633,-0.307913,Ealing
W51NT,51.528249,-0.310566,Ealing
W51NU,51.527739,-0.308884,Ealing
W51NX,51.527790,-0.308060,Ealing
W51NY,51.527991,-0.307692,Ealing
W51NZ,51.527420,-0.307353,Ealing
W51PA,51.526278,-0.307381,Ealing
W51PB,51.526253,-0.306229,Ealing
W51PD,51.525693,-0.306711,Ealing
W51PL,51.524691,-0.302726,Ealing
W51PN,51.524850,-0.301855,Ealing
W51PR,51.524564,-0.303264,Ealing
W51PS,51.525034,-0.304536,Ealing
W51PT,51.524419,-0.305014,Ealing
W51PU,51.523538,-0.305666,Ealing
W51PX,51.523681,-0.306223,Ealing
W51PY,51.523374,-0.307416,Ealing
W51PZ,51.523283,-0.307858,Ealing
W51QA,51.523206,-0.308201,Ealing
W51QB,51.522665,-0.309374,Ealing
W51QE,51.524171,-0.305297,Ealing
W51QG,51.527018,-0.308161,Ealing
W51QH,51.526923,-0.311566,Ealing
W51QJ,51.527713,-0.310860,Ealing
W51QL,51.527743,-0.311637,Ealing
W51QN,51.527677,-0.310212,Ealing
W51QP,51.526491,-0.312765,Ealing
W51QQ,51.526917,-0.310514,Ealing
W51QR,51.527548,-0.312480,Ealing
W51QS,51.527420,-0.312946,Ealing
W51QT,51.527267,-0.313520,Ealing
W51QU,51.527184,-0.314036,Ealing
W51QW,51.527242,-0.310618,Ealing
W51QX,51.526112,-0.314486,Ealing
W51QY,51.525796,-0.316351,Ealing
W51RG,51.526603,-0.306807,Ealing
W51RH,51.525727,-0.314696,Ealing
W51RJ,51.525608,-0.315132,Ealing
W51RL,51.525501,-0.315872,Ealing
W51RP,51.525910,-0.318033,Ealing
W51RQ,51.526483,-0.310948,Ealing
W51RR,51.524797,-0.315543,Ealing
W51RS,51.524418,-0.313720,Ealing
W51RT,51.525065,-0.314302,Ealing
W51RU,51.525416,-0.316163,Ealing
W51RW,51.525527,-0.317687,Ealing
W51RX,51.524240,-0.315068,Ealing
W51RY,51.524304,-0.314503,Ealing
W51SA,51.525568,-0.318017,Ealing
W51SD,51.525561,-0.311876,Ealing
W51SE,51.524685,-0.310986,Ealing
W51SF,51.525140,-0.310724,Ealing
W51SG,51.525482,-0.310121,Ealing
W51SH,51.525622,-0.309170,Ealing
W51SJ,51.523664,-0.308804,Ealing
W51SL,51.524100,-0.307822,Ealing
W51SN,51.523438,-0.309951,Ealing
W51SP,51.524918,-0.307229,Ealing
W51SQ,51.525845,-0.309666,Ealing
W51SR,51.526314,-0.308634,Ealing
W51SY,51.523541,-0.311461,Ealing
W51TA,51.521293,-0.313309,Ealing
W51TB,51.522873,-0.315666,Ealing
W51TD,51.521781,-0.312881,Ealing
W51TE,51.522107,-0.314930,Ealing
W51TF,51.521783,-0.312405,Ealing
W51TG,51.521740,-0.311340,Ealing
W51TH,51.522239,-0.310385,Ealing
W51TJ,51.522452,-0.310780,Ealing
W51TN,51.524077,-0.311859,Ealing
W51TP,51.524803,-0.312985,Ealing
W51TQ,51.523320,-0.310394,Ealing
W51TR,51.523730,-0.310863,Ealing
W51TS,51.523877,-0.313567,Ealing
W51TT,51.524136,-0.314120,Ealing
W51TU,51.523788,-0.313037,Ealing
W51TW,51.523208,-0.311984,Ealing
W51TZ,51.524560,-0.312937,Ealing
W51UA,51.532477,-0.295637,Ealing
W51UB,51.524223,-0.310758,Ealing
W51UD,51.531881,-0.298076,Ealing
W51UL,51.531409,-0.297185,Ealing
W51UP,51.531562,-0.299564,Ealing
W52AA,51.514118,-0.304595,Ealing
W52AB,51.514214,-0.305133,Ealing
W52AD,51.514906,-0.306938,Ealing
W52AE,51.514775,-0.308499,Ealing
W52AF,51.515389,-0.309255,Ealing
W52AG,51.517147,-0.310227,Ealing
W52AH,51.515190,-0.308556,Ealing
W52AJ,51.515100,-0.309799,Ealing
W52AL,51.514539,-0.312082,Ealing
W52AN,51.515780,-0.310825,Ealing
W52AP,51.514678,-0.309886,Ealing
W52AQ,51.516889,-0.309790,Ealing
W52AR,51.515016,-0.312064,Ealing
W52AS,51.514731,-0.309164,Ealing
W52AU,51.512747,-0.310621,Ealing
W52AW,51.515967,-0.311863,Ealing
W52AY,51.523849,-0.295478,Ealing
W52AZ,51.513610,-0.308030,Ealing
W52BE,51.513667,-0.307653,Ealing
W52BF,51.513667,-0.307653,Ealing
W52BJ,51.514012,-0.307222,Ealing
W52BL,51.509854,-0.307593,Ealing
W52BQ,51.514040,-0.306702,Ealing
W52BS,51.512671,-0.312238,Ealing
W52BT,51.514149,-0.306151,Ealing
W52BX,51.514149,-0.306151,Ealing
W52DA,51.520855,-0.311647,Ealing
W52DB,51.517627,-0.310426,Ealing
W52DD,51.517782,-0.309368,Ealing
W52DE,51.518593,-0.310058,Ealing
W52DF,51.517343,-0.308865,Ealing
W52DG,51.518514,-0.310868,Ealing
W52DH,51.515757,-0.308621,Ealing
W52DJ,51.516526,-0.308953,Ealing
W52DL,51.516125,-0.306582,Ealing
W52DN,51.517936,-0.307560,Ealing
W52DP,51.516604,-0.306226,Ealing
W52DQ,51.518974,-0.307853,Ealing
W52DR,51.516854,-0.306707,Ealing
W52DS,51.516717,-0.307173,Ealing
W52DT,51.516761,-0.307639,Ealing
W52DU,51.518968,-0.308618,Ealing
W52DW,51.518163,-0.308301,Ealing
W52DY,51.519106,-0.309492,Ealing
W52DZ,51.519813,-0.307419,Ealing
W52EA,51.516124,-0.294209,Ealing
W52EB,51.516178,-0.292953,Ealing
W52EE,51.514419,-0.294460,Ealing
W52EF,51.514384,-0.295773,Ealing
W52EG,51.514335,-0.296741,Ealing
W52EH,51.513975,-0.293612,Ealing
W52EJ,51.513537,-0.293124,Ealing
W52EL,51.513107,-0.292527,Ealing
W52EQ,51.513866,-0.296534,Ealing
W52ER,51.518472,-0.306567,Ealing
W52ES,51.520875,-0.306817,Ealing
W52ET,51.519378,-0.306556,Ealing
W52EU,51.520089,-0.306601,Ealing
W52EX,51.521865,-0.307487,Ealing
W52EY,51.521946,-0.308161,Ealing
W52FU,51.522808,-0.308043,Ealing
W52HA,51.522437,-0.308423,Ealing
W52HB,51.521929,-0.306346,Ealing
W52HE,51.519558,-0.305900,Ealing
W52HG,51.520657,-0.305398,Ealing
W52HH,51.518776,-0.305929,Ealing
W52HJ,51.521598,-0.305853,Ealing
W52HL,51.513315,-0.308899,Ealing
W52HN,51.516657,-0.299926,Ealing
W52HP,51.519971,-0.298447,Ealing
W52HQ,51.520161,-0.305359,Ealing
W52HR,51.521859,-0.298406,Ealing
W52HS,51.519743,-0.297591,Ealing
W52HT,51.521166,-0.297134,Ealing
W52HU,51.520245,-0.297443,Ealing
W52HY,51.517632,-0.298981,Ealing
W52HZ,51.517078,-0.299852,Ealing
W52JA,51.520717,-0.295926,Ealing
W52JB,51.521385,-0.295994,Ealing
W52JD,51.518910,-0.294739,Ealing
W52JE,51.523644,-0.296235,Ealing
W52JF,51.522270,-0.295724,Ealing
W52JG,51.513522,-0.306894,Ealing
W52JH,51.517806,-0.291688,Ealing
W52JJ,51.522092,-0.292061,Ealing
W52JL,51.523815,-0.295003,Ealing
W52JN,51.522041,-0.299769,Ealing
W52JP,51.520888,-0.302672,Ealing
W52JR,51.520825,-0.303389,Ealing
W52JS,51.521725,-0.302144,Ealing
W52JT,51.523441,-0.294642,Ealing
W52JU,51.514040,-0.306702,Ealing
W52JW,51.521760,-0.299592,Ealing
W52JX,51.519270,-0.295317,Ealing
W52JY,51.519055,-0.294668,Ealing
W52LA,51.516209,-0.299409,Ealing
W52LD,51.516176,-0.300275,Ealing
W52LE,51.517273,-0.298266,Ealing
W52LF,51.517171,-0.297543,Ealing
W52LG,51.517769,-0.297232,Ealing
W52LH,51.515732,-0.300032,Ealing
W52LJ,51.517959,-0.297975,Ealing
W52LL,51.518352,-0.294659,Ealing
W52LN,51.518505,-0.292218,Ealing
W52LP,51.517361,-0.295806,Ealing
W52LQ,51.517848,-0.294030,Ealing
W52LS,51.516775,-0.296333,Ealing
W52LT,51.517241,-0.292978,Ealing
W52LU,51.516275,-0.295962,Ealing
W52LW,51.518469,-0.293473,Ealing
W52LX,51.516698,-0.292891,Ealing
W52LY,51.515740,-0.296876,Ealing
W52LZ,51.515772,-0.295952,Ealing
W52NA,51.516126,-0.296832,Ealing
W52NB,51.515976,-0.295166,Ealing
W52ND,51.514009,-0.303973,Ealing
W52NG,51.516997,-0.300475,Ealing
W52NH,51.513654,-0.303618,Ealing
W52NN,51.514072,-0.303394,Ealing
W52NP,51.514148,-0.302440,Ealing
W52NQ,51.517732,-0.300304,Ealing
W52NR,51.514583,-0.302626,Ealing
W52NT,51.514698,-0.302506,Ealing
W52NU,51.514980,-0.301501,Ealing
W52NX,51.515590,-0.301946,Ealing
W52NY,51.516042,-0.301592,Ealing
W52NZ,51.516536,-0.301530,Ealing
W52PB,51.516036,-0.301779,Ealing
W52PD,51.516440,-0.301021,Ealing
W52PG,51.514459,-0.299610,Ealing
W52PJ,51.514316,-0.300344,Ealing
W52PL,51.514233,-0.301428,Ealing
W52PX,51.513736,-0.297599,Ealing
W52PY,51.514214,-0.298878,Ealing
W52PZ,51.513824,-0.298086,Ealing
W52QA,51.513584,-0.296948,Ealing
W52QB,51.512626,-0.293576,Ealing
W52QH,51.522816,-0.305520,Ealing
W52QJ,51.524295,-0.300838,Ealing
W52QL,51.523405,-0.298997,Ealing
W52QN,51.522355,-0.306575,Ealing
W52QP,51.522871,-0.301704,Ealing
W52QQ,51.523664,-0.300703,Ealing
W52QR,51.522397,-0.303892,Ealing
W52QS,51.522127,-0.305653,Ealing
W52QT,51.523335,-0.300989,Ealing
W52QU,51.523842,-0.299961,Ealing
W52QW,51.523499,-0.301761,Ealing
W52QY,51.513522,-0.306894,Ealing
W52RA,51.523772,-0.302492,Ealing
W52RB,51.524334,-0.302263,Ealing
W52RD,51.522929,-0.307598,Ealing
W52RE,51.522526,-0.307217,Ealing
W52RF,51.522522,-0.308789,Ealing
W52RG,51.522057,-0.309570,Ealing
W52RJ,51.512826,-0.309803,Ealing
W52RL,51.518352,-0.302140,Ealing
W52RN,51.517721,-0.305009,Ealing
W52RP,51.517727,-0.303057,Ealing
W52RQ,51.521380,-0.310676,Ealing
W52RR,51.518062,-0.304457,Ealing
W52RS,51.519700,-0.303235,Ealing
W52RU,51.521658,-0.305015,Ealing
W52RX,51.516548,-0.302351,Ealing
W52RY,51.514354,-0.301770,Ealing
W52SA,51.519720,-0.299711,Ealing
W52SB,51.520984,-0.300673,Ealing
W52SD,51.520523,-0.301785,Ealing
W52SE,51.517458,-0.301885,Ealing
W52SF,51.517735,-0.301030,Ealing
W52SG,51.519659,-0.301068,Ealing
W52SH,51.519455,-0.301926,Ealing
W52SJ,51.519401,-0.302395,Ealing
W52SL,51.520971,-0.299131,Ealing
W52SN,51.512631,-0.311251,Ealing
W52SP,51.512543,-0.312689,Ealing
W52SQ,51.520087,-0.300230,Ealing
W52SR,51.513101,-0.309613,Ealing
W52SS,51.512371,-0.312652,Ealing
W52ST,51.512156,-0.313323,Ealing
W52SU,51.512381,-0.312629,Ealing
W52SW,51.521221,-0.299050,Ealing
W52SX,51.513333,-0.312551,Ealing
W52SY,51.513752,-0.311671,Ealing
W52SZ,51.513460,-0.310825,Ealing
W52TA,51.512833,-0.311583,Ealing
W52TB,51.523939,-0.302293,Ealing
W52TD,51.513754,-0.306828,Ealing
W52TE,51.519075,-0.299150,Ealing
W52TF,51.518956,-0.305886,Ealing
W52TH,51.512529,-0.311687,Ealing
W52TJ,51.513987,-0.306113,Ealing
W52TN,51.515460,-0.302859,Ealing
W52TP,51.515406,-0.292340,Ealing
W52TQ,51.515358,-0.292774,Ealing
W52TS,51.515320,-0.293251,Ealing
W52TU,51.513497,-0.314037,Ealing
W52TZ,51.512671,-0.312238,Ealing
W52UA,51.513064,-0.311999,Ealing
W52UB,51.522810,-0.299400,Ealing
W52UN,51.509853,-0.307615,Ealing
W52UP,51.516463,-0.303306,Ealing
W52UQ,51.514025,-0.308195,Ealing
W52UU,51.515337,-0.304982,Ealing
W52UX,51.516475,-0.303536,Ealing
W52UY,51.516456,-0.304084,Ealing
W52UZ,51.516238,-0.304568,Ealing
W52XA,51.513314,-0.306225,Ealing
W52XE,51.509853,-0.307615,Ealing
W52XP,51.520965,-0.309322,Ealing
W52YW,51.509853,-0.307615,Ealing
W52ZP,51.509854,-0.307593,Ealing
W52ZZ,51.509853,-0.307615,Ealing
W53AA,51.520151,-0.288538,Ealing
W53AB,51.520611,-0.288031,Ealing
W53AD,51.521195,-0.284924,Ealing
W53AE,51.519998,-0.289740,Ealing
W53AF,51.517622,-0.288994,Ealing
W53AG,51.520241,-0.285479,Ealing
W53AH,51.518422,-0.288992,Ealing
W53AJ,51.519426,-0.286813,Ealing
W53AL,51.518568,-0.289722,Ealing
W53AP,51.519491,-0.287655,Ealing
W53AQ,51.517514,-0.289632,Ealing
W53AR,51.519013,-0.289446,Ealing
W53AS,51.518796,-0.289958,Ealing
W53AT,51.519538,-0.289700,Ealing
W53AU,51.519591,-0.290837,Ealing
W53AX,51.518995,-0.290686,Ealing
W53AZ,51.517612,-0.290147,Ealing
W53BF,51.526864,-0.286427,Ealing
W53BH,51.528568,-0.289174,Ealing
W53BJ,51.528017,-0.287797,Ealing
W53BL,51.528397,-0.289757,Ealing
W53BN,51.516119,-0.290022,Ealing
W53BP,51.527595,-0.287812,Ealing
W53BQ,51.527387,-0.285765,Ealing
W53BS,51.513438,-0.299245,Ealing
W53BT,51.524327,-0.288757,Ealing
W53BU,51.523745,-0.288303,Ealing
W53BW,51.523453,-0.289871,Ealing
W53BX,51.513232,-0.298719,Ealing
W53BY,51.526168,-0.287361,Ealing
W53BZ,51.514501,-0.291365,Ealing
W53DA,51.522396,-0.290789,Ealing
W53DB,51.525455,-0.289651,Ealing
W53DD,51.524921,-0.290046,Ealing
W53DE,51.526994,-0.291641,Ealing
W53DF,51.527859,-0.291738,Ealing
W53DH,51.527376,-0.289421,Ealing
W53DJ,51.527586,-0.289024,Ealing
W53DL,51.528343,-0.290999,Ealing
W53DN,51.528258,-0.290728,Ealing
W53DP,51.526611,-0.290012,Ealing
W53DR,51.527023,-0.289867,Ealing
W53DW,51.528036,-0.291391,Ealing
W53EA,51.522062,-0.287602,Ealing
W53EB,51.522457,-0.287573,Ealing
W53ED,51.523813,-0.286859,Ealing
W53EE,51.523069,-0.287607,Ealing
W53EF,51.523701,-0.285940,Ealing
W53EG,51.525648,-0.286285,Ealing
W53EH,51.525278,-0.287380,Ealing
W53EL,51.526790,-0.284879,Ealing
W53EP,51.526979,-0.284448,Ealing
W53EQ,51.524436,-0.285797,Ealing
W53ER,51.526360,-0.285740,Ealing
W53ES,51.521516,-0.287795,Ealing
W53ET,51.521055,-0.288216,Ealing
W53EU,51.522033,-0.285008,Ealing
W53EW,51.527087,-0.285683,Ealing
W53EX,51.524406,-0.288047,Ealing
W53EZ,51.526460,-0.287653,Ealing
W53GP,51.509853,-0.307615,Ealing
W53HA,51.524280,-0.284304,Ealing
W53HB,51.523927,-0.284807,Ealing
W53HD,51.525440,-0.284967,Ealing
W53HE,51.525199,-0.285697,Ealing
W53HF,51.512659,-0.290880,Ealing
W53HH,51.513356,-0.291768,Ealing
W53HJ,51.516077,-0.290845,Ealing
W53HL,51.517947,-0.290847,Ealing
W53HN,51.511559,-0.290691,Ealing
W53HP,51.512289,-0.290093,Ealing
W53HQ,51.511022,-0.289615,Ealing
W53HR,51.513018,-0.290152,Ealing
W53HT,51.515248,-0.290250,Ealing
W53HU,51.516855,-0.290709,Ealing
W53HX,51.517349,-0.290647,Ealing
W53HY,51.516704,-0.290195,Ealing
W53JB,51.509616,-0.296239,Ealing
W53JD,51.509836,-0.296519,Ealing
W53JE,51.509480,-0.296172,Ealing
W53JF,51.508923,-0.296208,Ealing
W53JG,51.507743,-0.296050,Ealing
W53JH,51.506545,-0.297118,Ealing
W53JJ,51.506204,-0.296597,Ealing
W53JL,51.504455,-0.294429,Ealing
W53JN,51.505475,-0.297158,Ealing
W53JP,51.505665,-0.295969,Ealing
W53JQ,51.506357,-0.292845,Ealing
W53JR,51.505326,-0.295549,Ealing
W53JS,51.508727,-0.296345,Ealing
W53JT,51.508637,-0.296290,Ealing
W53JU,51.505018,-0.295431,Ealing
W53JW,51.506308,-0.295051,Ealing
W53JX,51.504926,-0.292798,Ealing
W53JY,51.505623,-0.293103,Ealing
W53JZ,51.506314,-0.293596,Ealing
W53LA,51.510783,-0.288673,Ealing
W53LB,51.510553,-0.288213,Ealing
W53LD,51.510249,-0.287129,Ealing
W53LG,51.509771,-0.285238,Ealing
W53LH,51.509820,-0.285568,Ealing
W53LJ,51.511475,-0.288662,Ealing
W53LL,51.510465,-0.286596,Ealing
W53LP,51.510821,-0.285127,Ealing
W53LR,51.511550,-0.286987,Ealing
W53LS,51.511296,-0.286247,Ealing
W53NA,51.508034,-0.284569,Ealing
W53NB,51.507990,-0.285138,Ealing
W53ND,51.509106,-0.285278,Ealing
W53NE,51.513861,-0.300001,Ealing
W53NH,51.508735,-0.291315,Ealing
W53NJ,51.507506,-0.290914,Ealing
W53NN,51.509597,-0.286297,Ealing
W53NS,51.509401,-0.285785,Ealing
W53NT,51.509872,-0.287223,Ealing
W53NU,51.510322,-0.288437,Ealing
W53NW,51.509715,-0.286998,Ealing
W53NY,51.508856,-0.286656,Ealing
W53PA,51.509425,-0.287413,Ealing
W53PB,51.509776,-0.289893,Ealing
W53PE,51.510345,-0.298763,Ealing
W53PF,51.510367,-0.297162,Ealing
W53PG,51.510199,-0.297262,Ealing
W53PH,51.510396,-0.298516,Ealing
W53PJ,51.509738,-0.299088,Ealing
W53PL,51.508773,-0.298770,Ealing
W53PN,51.510591,-0.296477,Ealing
W53PP,51.508979,-0.296969,Ealing
W53PQ,51.509778,-0.298741,Ealing
W53PR,51.508456,-0.298098,Ealing
W53PS,51.509339,-0.297575,Ealing
W53PY,51.507377,-0.290083,Ealing
W53QA,51.508729,-0.289535,Ealing
W53QB,51.507067,-0.287934,Ealing
W53QD,51.506885,-0.288358,Ealing
W53QF,51.509387,-0.289734,Ealing
W53QG,51.506705,-0.289604,Ealing
W53QH,51.507774,-0.290126,Ealing
W53QJ,51.506178,-0.289249,Ealing
W53QL,51.506111,-0.290094,Ealing
W53QP,51.528438,-0.291962,Ealing
W53QS,51.528933,-0.292029,Ealing
W53RA,51.529156,-0.291271,Ealing
W53RG,51.511898,-0.297941,Ealing
W53RH,51.514399,-0.290570,Ealing
W53RJ,51.514395,-0.289734,Ealing
W53RL,51.513793,-0.288394,Ealing
W53RN,51.514067,-0.290035,Ealing
W53RP,51.511990,-0.285717,Ealing
W53RR,51.512374,-0.286135,Ealing
W53RS,51.513559,-0.285413,Ealing
W53RU,51.513487,-0.286035,Ealing
W53RW,51.513873,-0.288938,Ealing
W53RY,51.512595,-0.287135,Ealing
W53SA,51.514539,-0.284814,Ealing
W53SB,51.514649,-0.283729,Ealing
W53SD,51.514151,-0.284079,Ealing
W53SE,51.514356,-0.286931,Ealing
W53SF,51.514286,-0.287202,Ealing
W53SH,51.511038,-0.298780,Ealing
W53SJ,51.511037,-0.299357,Ealing
W53SL,51.511439,-0.298426,Ealing
W53SN,51.511382,-0.298940,Ealing
W53SP,51.512641,-0.301416,Ealing
W53SQ,51.511847,-0.301783,Ealing
W53SR,51.511982,-0.301282,Ealing
W53SS,51.513408,-0.302143,Ealing
W53ST,51.512133,-0.301766,Ealing
W53SU,51.514462,-0.286192,Ealing
W53SW,51.511443,-0.299348,Ealing
W53SX,51.513019,-0.301459,Ealing
W53TA,51.513873,-0.300108,Ealing
W53TD,51.512574,-0.297412,Ealing
W53TJ,51.513230,-0.297955,Ealing
W53TR,51.512114,-0.296737,Ealing
W53TT,51.511963,-0.296858,Ealing
W53TU,51.512456,-0.297949,Ealing
W53TX,51.512502,-0.298602,Ealing
W53TY,51.510978,-0.296491,Ealing
W53UA,51.512067,-0.299708,Ealing
W53UH,51.508228,-0.299721,Ealing
W53UJ,51.510603,-0.299776,Ealing
W53UL,51.513039,-0.300363,Ealing
W53UP,51.512030,-0.300119,Ealing
W53UQ,51.513516,-0.299740,Ealing
W53UR,51.513178,-0.299998,Ealing
W53UT,51.512737,-0.299366,Ealing
W53UX,51.509853,-0.307615,Ealing
W53WB,51.509853,-0.307615,Ealing
W53WG,51.509853,-0.307615,Ealing
W53XA,51.507420,-0.293627,Ealing
W53XB,51.507471,-0.291593,Ealing
W53XD,51.506276,-0.291032,Ealing
W53XH,51.507716,-0.297881,Ealing
W53XJ,51.507111,-0.297716,Ealing
W53XL,51.505351,-0.298451,Ealing
W53XP,51.504720,-0.297776,Ealing
W53XR,51.504281,-0.297894,Ealing
W54AA,51.500708,-0.301398,Ealing
W54AB,51.501490,-0.299568,Ealing
W54AD,51.502225,-0.296861,Ealing
W54AE,51.500467,-0.299664,Ealing
W54AF,51.501868,-0.300713,Ealing
W54AG,51.502872,-0.296217,Ealing
W54AH,51.502034,-0.299822,Ealing
W54AJ,51.500807,-0.298931,Ealing
W54AL,51.503601,-0.296276,Ealing
W54AN,51.502421,-0.297977,Ealing
W54AP,51.500168,-0.300676,Ealing
W54AQ,51.503317,-0.296518,Ealing
W54AR,51.502592,-0.300492,Ealing
W54AS,51.502203,-0.301588,Ealing
W54AT,51.503070,-0.299322,Ealing
W54AU,51.501090,-0.298027,Ealing
W54AW,51.501366,-0.297181,Ealing
W54AX,51.502245,-0.298906,Ealing
W54AY,51.503651,-0.295381,Ealing
W54AZ,51.501023,-0.296473,Ealing
W54BA,51.494584,-0.306999,Ealing
W54BB,51.493432,-0.310024,Ealing
W54BD,51.494270,-0.306974,Ealing
W54BF,51.496550,-0.313035,Ealing
W54BH,51.493151,-0.309890,Ealing
W54BJ,51.494061,-0.310649,Ealing
W54BL,51.495298,-0.307261,Ealing
W54BN,51.494019,-0.307135,Ealing
W54BP,51.493649,-0.310685,Ealing
W54BS,51.492481,-0.312076,Ealing
W54BU,51.495264,-0.306059,Ealing
W54BW,51.494774,-0.307741,Ealing
W54BY,51.504263,-0.307202,Ealing
W54BZ,51.498676,-0.302713,Ealing
W54DA,51.494796,-0.311111,Ealing
W54DB,51.494967,-0.309895,Ealing
W54DD,51.494070,-0.311873,Ealing
W54DH,51.493451,-0.313264,Ealing
W54DJ,51.495102,-0.314226,Ealing
W54DL,51.494701,-0.314472,Ealing
W54DN,51.495992,-0.314265,Ealing
W54DP,51.496820,-0.313025,Ealing
W54DT,51.494510,-0.318663,Ealing
W54DW,51.496557,-0.313481,Ealing
W54EA,51.498048,-0.308384,Ealing
W54EB,51.497871,-0.307259,Ealing
W54ED,51.497623,-0.308832,Ealing
W54EE,51.498421,-0.306209,Ealing
W54EF,51.497071,-0.311748,Ealing
W54EG,51.496761,-0.312652,Ealing
W54EH,51.497085,-0.310811,Ealing
W54EJ,51.496730,-0.312423,Ealing
W54EP,51.497141,-0.307870,Ealing
W54ER,51.497471,-0.307627,Ealing
W54ES,51.496527,-0.310774,Ealing
W54ET,51.496141,-0.310183,Ealing
W54EU,51.495112,-0.311834,Ealing
W54EX,51.495385,-0.312012,Ealing
W54HA,51.503722,-0.288563,Ealing
W54HB,51.501867,-0.285895,Ealing
W54HD,51.502255,-0.286572,Ealing
W54HH,51.503148,-0.305961,Ealing
W54HJ,51.502611,-0.305506,Ealing
W54HL,51.502174,-0.305745,Ealing
W54HN,51.503897,-0.305559,Ealing
W54HP,51.503405,-0.307609,Ealing
W54HR,51.503607,-0.307904,Ealing
W54HS,51.502957,-0.308965,Ealing
W54HT,51.502050,-0.308408,Ealing
W54HU,51.501261,-0.308596,Ealing
W54HW,51.503873,-0.308211,Ealing
W54HX,51.500793,-0.310443,Ealing
W54JA,51.502023,-0.309029,Ealing
W54JB,51.502948,-0.309542,Ealing
W54JD,51.502465,-0.307874,Ealing
W54JE,51.501322,-0.305323,Ealing
W54JF,51.501188,-0.305976,Ealing
W54JH,51.500889,-0.304553,Ealing
W54JJ,51.499591,-0.303774,Ealing
W54JN,51.499599,-0.304255,Ealing
W54JP,51.499020,-0.304703,Ealing
W54JQ,51.499925,-0.304496,Ealing
W54JR,51.499272,-0.304751,Ealing
W54JS,51.501314,-0.301649,Ealing
W54JT,51.501858,-0.303200,Ealing
W54JU,51.500004,-0.301885,Ealing
W54JW,51.499795,-0.305409,Ealing
W54JX,51.501102,-0.302522,Ealing
W54JY,51.500775,-0.305401,Ealing
W54LA,51.501425,-0.303669,Ealing
W54LB,51.502469,-0.302492,Ealing
W54LD,51.500134,-0.303408,Ealing
W54LH,51.500393,-0.303859,Ealing
W54LJ,51.499415,-0.302801,Ealing
W54LL,51.501486,-0.288748,Ealing
W54LN,51.502127,-0.293896,Ealing
W54LP,51.503675,-0.289522,Ealing
W54LQ,51.500387,-0.302880,Ealing
W54LR,51.501683,-0.286787,Ealing
W54LS,51.502710,-0.291929,Ealing
W54LT,51.502398,-0.291494,Ealing
W54LU,51.501003,-0.287000,Ealing
W54LY,51.500995,-0.286547,Ealing
W54NA,51.498450,-0.304385,Ealing
W54NB,51.501060,-0.288439,Ealing
W54NE,51.501256,-0.295816,Ealing
W54NF,51.499486,-0.300896,Ealing
W54NJ,51.501793,-0.291906,Ealing
W54NL,51.501850,-0.294008,Ealing
W54NP,51.501523,-0.295028,Ealing
W54NR,51.500549,-0.297889,Ealing
W54NS,51.500049,-0.299391,Ealing
W54NT,51.499157,-0.302284,Ealing
W54NU,51.498703,-0.304527,Ealing
W54PA,51.498545,-0.302292,Ealing
W54PB,51.502229,-0.294685,Ealing
W54PD,51.502895,-0.297225,Ealing
W54QA,51.503507,-0.307187,Ealing
W54QB,51.501491,-0.306980,Ealing
W54QD,51.500029,-0.306697,Ealing
W54QH,51.499288,-0.306465,Ealing
W54QJ,51.499657,-0.306494,Ealing
W54QL,51.497905,-0.305889,Ealing
W54QP,51.498449,-0.305631,Ealing
W54QR,51.500833,-0.306321,Ealing
W54QS,51.499388,-0.305914,Ealing
W54QT,51.502690,-0.306627,Ealing
W54QX,51.503984,-0.306579,Ealing
W54QY,51.502869,-0.307211,Ealing
W54RA,51.496251,-0.300426,Ealing
W54RB,51.496086,-0.298934,Ealing
W54RD,51.495805,-0.299405,Ealing
W54RH,51.497420,-0.305367,Ealing
W54RJ,51.497131,-0.305882,Ealing
W54RL,51.495901,-0.306006,Ealing
W54RN,51.495087,-0.298884,Ealing
W54RP,51.494708,-0.305626,Ealing
W54RS,51.501050,-0.306414,Ealing
W54RU,51.497019,-0.303120,Ealing
W54RW,51.497753,-0.304778,Ealing
W54RX,51.497188,-0.304266,Ealing
W54RY,51.497471,-0.303276,Ealing
W54RZ,51.497911,-0.303894,Ealing
W54SA,51.501513,-0.309869,Ealing
W54SB,51.499278,-0.308842,Ealing
W54SD,51.500358,-0.308284,Ealing
W54SE,51.499146,-0.310302,Ealing
W54SG,51.498917,-0.310671,Ealing
W54SH,51.499584,-0.307030,Ealing
W54SJ,51.499500,-0.307465,Ealing
W54SL,51.498496,-0.307661,Ealing
W54SP,51.499426,-0.307944,Ealing
W54SR,51.499665,-0.310153,Ealing
W54SS,51.499815,-0.311200,Ealing
W54ST,51.498985,-0.312268,Ealing
W54SZ,51.498048,-0.315904,Ealing
W54TA,51.502988,-0.307970,Ealing
W54TB,51.502050,-0.310267,Ealing
W54TD,51.501616,-0.313265,Ealing
W54TH,51.502177,-0.310997,Ealing
W54TJ,51.501329,-0.313262,Ealing
W54TL,51.501351,-0.311100,Ealing
W54TN,51.499895,-0.314237,Ealing
W54TP,51.501031,-0.313229,Ealing
W54TR,51.500912,-0.312470,Ealing
W54TS,51.500567,-0.314097,Ealing
W54TT,51.500366,-0.312620,Ealing
W54TU,51.500585,-0.312857,Ealing
W54TW,51.499713,-0.314748,Ealing
W54UA,51.498266,-0.313533,Ealing
W54UB,51.498101,-0.313914,Ealing
W54UD,51.497065,-0.314413,Ealing
W54UG,51.497462,-0.313289,Ealing
W54UH,51.498478,-0.311984,Ealing
W54UJ,51.498706,-0.312249,Ealing
W54UL,51.497639,-0.314939,Ealing
W54UP,51.497885,-0.315190,Ealing
W54UQ,51.496111,-0.315644,Ealing
W54UR,51.496474,-0.314557,Ealing
W54UT,51.495336,-0.313008,Ealing
W54UU,51.496089,-0.313484,Ealing
W54UX,51.495644,-0.313788,Ealing
W54WQ,51.509853,-0.307615,Ealing
W54XA,51.498250,-0.311754,Ealing
W54XB,51.497355,-0.312746,Ealing
W54XD,51.496717,-0.310168,Ealing
W54XF,51.497485,-0.311142,Ealing
W54XH,51.496747,-0.307956,Ealing
W54XJ,51.496522,-0.307345,Ealing
W54XL,51.495805,-0.309360,Ealing
W54XP,51.494189,-0.308282,Ealing
W54XR,51.495622,-0.307912,Ealing
W54XS,51.495972,-0.307827,Ealing
W54XT,51.495937,-0.306661,Ealing
W54XY,51.496247,-0.306361,Ealing
W54XZ,51.496386,-0.306025,Ealing
W54YA,51.502611,-0.294397,Ealing
W54YB,51.502974,-0.294614,Ealing
W54YD,51.503896,-0.293672,Ealing
W54YE,51.503545,-0.294910,Ealing
W54YF,51.503680,-0.294285,Ealing
W54YG,51.503255,-0.292932,Ealing
W54YH,51.503415,-0.295246,Ealing
W54YJ,51.503270,-0.295756,Ealing
W54YL,51.502908,-0.295654,Ealing
W54YN,51.502885,-0.295251,Ealing
W54YQ,51.503026,-0.293863,Ealing
W55AA,51.512324,-0.306161,Ealing
W55AB,51.505724,-0.303725,Ealing
W55AE,51.512467,-0.306221,Ealing
W55AH,51.512584,-0.306742,Ealing
W55AL,51.512363,-0.308263,Ealing
W55AP,51.512416,-0.305776,Ealing
W55AS,51.511856,-0.305624,Ealing
W55AW,51.512844,-0.305464,Ealing
W55BD,51.510197,-0.304706,Ealing
W55BE,51.510543,-0.306789,Ealing
W55BF,51.510728,-0.304686,Ealing
W55BG,51.511455,-0.308968,Ealing
W55BH,51.511042,-0.312110,Ealing
W55BJ,51.510220,-0.312487,Ealing
W55BL,51.510728,-0.304686,Ealing
W55BQ,51.511708,-0.309679,Ealing
W55BS,51.509719,-0.308232,Ealing
W55BT,51.512219,-0.307635,Ealing
W55BU,51.509868,-0.301741,Ealing
W55BW,51.511773,-0.311585,Ealing
W55BX,51.509391,-0.302350,Ealing
W55BY,51.509662,-0.303155,Ealing
W55BZ,51.512337,-0.307054,Ealing
W55DA,51.511014,-0.305180,Ealing
W55DB,51.512183,-0.304465,Ealing
W55DF,51.512027,-0.306128,Ealing
W55DG,51.512716,-0.305376,Ealing
W55DJ,51.511899,-0.303576,Ealing
W55DR,51.511484,-0.302871,Ealing
W55DS,51.511274,-0.303297,Ealing
W55DT,51.511480,-0.301978,Ealing
W55DU,51.511449,-0.302339,Ealing
W55DX,51.511011,-0.302514,Ealing
W55ED,51.509613,-0.306586,Ealing
W55EF,51.511623,-0.306850,Ealing
W55EG,51.509367,-0.306379,Ealing
W55EH,51.509853,-0.307615,Ealing
W55EL,51.506357,-0.305834,Ealing
W55EN,51.509226,-0.305858,Ealing
W55EP,51.508810,-0.307005,Ealing
W55EQ,51.510907,-0.307115,Ealing
W55ER,51.508341,-0.305668,Ealing
W55ES,51.507456,-0.305441,Ealing
W55ET,51.506667,-0.305543,Ealing
W55EU,51.506117,-0.305462,Ealing
W55EW,51.510291,-0.306835,Ealing
W55EX,51.504818,-0.306338,Ealing
W55EY,51.505724,-0.305621,Ealing
W55EZ,51.504970,-0.306369,Ealing
W55FA,51.511935,-0.306636,Ealing
W55HA,51.505321,-0.306400,Ealing
W55HB,51.504538,-0.308215,Ealing
W55HD,51.504170,-0.308243,Ealing
W55HE,51.503711,-0.310119,Ealing
W55HF,51.503453,-0.309653,Ealing
W55HG,51.503948,-0.308482,Ealing
W55HP,51.507919,-0.306952,Ealing
W55HS,51.508187,-0.307489,Ealing
W55HT,51.507630,-0.306862,Ealing
W55HU,51.507387,-0.306871,Ealing
W55HX,51.507016,-0.306697,Ealing
W55HY,51.506166,-0.307017,Ealing
W55HZ,51.507265,-0.308979,Ealing
W55JB,51.506275,-0.307719,Ealing
W55JD,51.506283,-0.308223,Ealing
W55JE,51.505154,-0.307314,Ealing
W55JF,51.504708,-0.307546,Ealing
W55JH,51.504724,-0.309289,Ealing
W55JN,51.513640,-0.302653,Ealing
W55JR,51.513715,-0.302298,Ealing
W55JS,51.513639,-0.302675,Ealing
W55JU,51.513809,-0.301992,Ealing
W55JW,51.513020,-0.303996,Ealing
W55JY,51.512522,-0.303164,Ealing
W55LG,51.510778,-0.301312,Ealing
W55LH,51.510470,-0.303592,Ealing
W55LL,51.511077,-0.301394,Ealing
W55LS,51.513758,-0.301496,Ealing
W55NA,51.508823,-0.301687,Ealing
W55NB,51.508574,-0.303743,Ealing
W55ND,51.509270,-0.300864,Ealing
W55NE,51.507812,-0.303310,Ealing
W55NF,51.507656,-0.302437,Ealing
W55NG,51.508141,-0.302375,Ealing
W55NH,51.508877,-0.303587,Ealing
W55NJ,51.507680,-0.302248,Ealing
W55NL,51.508159,-0.301164,Ealing
W55NN,51.508272,-0.302140,Ealing
W55NP,51.507767,-0.301358,Ealing
W55NQ,51.508218,-0.303367,Ealing
W55NR,51.506733,-0.301382,Ealing
W55NS,51.505624,-0.300005,Ealing
W55NT,51.507226,-0.301948,Ealing
W55NW,51.507321,-0.301642,Ealing
W55NY,51.505465,-0.301423,Ealing
W55NZ,51.505525,-0.302473,Ealing
W55PA,51.508805,-0.300340,Ealing
W55PB,51.507407,-0.300126,Ealing
W55PD,51.512623,-0.300840,Ealing
W55PE,51.511541,-0.300621,Ealing
W55PG,51.507270,-0.300607,Ealing
W55PH,51.510378,-0.300419,Ealing
W55PR,51.506071,-0.304787,Ealing
W55PS,51.506066,-0.303778,Ealing
W55PT,51.506129,-0.303214,Ealing
W55PU,51.505751,-0.303170,Ealing
W55PX,51.506280,-0.301205,Ealing
W55PY,51.506469,-0.299865,Ealing
W55PZ,51.506798,-0.300322,Ealing
W55QA,51.506186,-0.302174,Ealing
W55QB,51.505784,-0.299207,Ealing
W55QD,51.504030,-0.299171,Ealing
W55QE,51.506524,-0.301874,Ealing
W55QN,51.509611,-0.303964,Ealing
W55QP,51.509633,-0.303603,Ealing
W55QR,51.508968,-0.304881,Ealing
W55QS,51.510061,-0.305244,Ealing
W55QT,51.509772,-0.305139,Ealing
W55QU,51.508771,-0.304837,Ealing
W55QW,51.509485,-0.304530,Ealing
W55QX,51.510266,-0.305107,Ealing
W55RA,51.508025,-0.304974,Ealing
W55RE,51.507123,-0.304114,Ealing
W55RF,51.507259,-0.303013,Ealing
W55RG,51.505465,-0.304535,Ealing
W55RH,51.504214,-0.306245,Ealing
W55RJ,51.504903,-0.303605,Ealing
W55RL,51.505190,-0.303580,Ealing
W55RN,51.504310,-0.304247,Ealing
W55RP,51.504754,-0.300663,Ealing
W55SA,51.512203,-0.309004,Ealing
W55SL,51.512007,-0.310461,Ealing
W55ST,51.511970,-0.311024,Ealing
W55TH,51.511773,-0.311585,Ealing
W55TL,51.511661,-0.312555,Ealing
W55UA,51.510161,-0.300341,Ealing
W55WW,51.509853,-0.307615,Ealing
W55XA,51.509853,-0.307615,Ealing
W59AE,51.509853,-0.307615,Ealing
W59DP,51.509854,-0.307593,Ealing
W59EB,51.509853,-0.307615,Ealing
W59EX,51.509853,-0.307615,Ealing
W59GF,51.509853,-0.307615,Ealing
W59GX,51.509853,-0.307615,Ealing
W59HA,51.509853,-0.307615,Ealing
W59HH,51.509853,-0.307615,Ealing
W59HW,51.509853,-0.307615,Ealing
W59NL,51.509853,-0.307615,Ealing
W59NT,51.509853,-0.307615,Ealing
W59PB,51.509854,-0.307593,Ealing
W59PL,51.509854,-0.307593,Ealing
W59PS,51.509854,-0.307593,Ealing
W59QA,51.509854,-0.307593,Ealing
W59QT,51.509854,-0.307593,Ealing
W59RG,51.509854,-0.307593,Ealing
W59RW,51.509854,-0.307593,Ealing
W59SA,51.513169,-0.307383,Ealing
W59SB,51.513169,-0.307383,Ealing
W59SD,51.513169,-0.307383,Ealing
W59SE,51.513328,-0.307270,Ealing
W59SF,51.513328,-0.307270,Ealing
W59SG,51.513328,-0.307270,Ealing
W59SH,51.513328,-0.307270,Ealing
W59SJ,51.513328,-0.307270,Ealing
W59SL,51.513169,-0.307383,Ealing
W59SN,51.513328,-0.307270,Ealing
W59SP,51.513328,-0.307270,Ealing
W59SQ,51.513328,-0.307270,Ealing
W59SR,51.513328,-0.307270,Ealing
W59SS,51.513328,-0.307270,Ealing
W59ST,51.513328,-0.307270,Ealing
W59SU,51.513328,-0.307270,Ealing
W59SW,51.513328,-0.307270,Ealing
W59SX,51.513328,-0.307270,Ealing
W59SY,51.513169,-0.307383,Ealing
W59SZ,51.513328,-0.307270,Ealing
W59TA,51.513328,-0.307270,Ealing
W59TB,51.513328,-0.307270,Ealing
W59TD,51.513328,-0.307270,Ealing
W59TE,51.513328,-0.307270,Ealing
W59TF,51.513328,-0.307270,Ealing
W59TG,51.513328,-0.307270,Ealing
W59TH,51.513169,-0.307383,Ealing
W59TS,51.509854,-0.307593,Ealing
W59TY,51.509854,-0.307593,Ealing
W59UA,51.509854,-0.307593,Ealing
W59UD,51.509854,-0.307593,Ealing
W59UG,51.509854,-0.307593,Ealing
W59UH,51.509854,-0.307593,Ealing
W59UL,51.509854,-0.307593,Ealing
W54BT,51.492418,-0.312697,Hounslow
W54DR,51.494488,-0.317188,Hounslow
W54DS,51.494931,-0.317344,Hounslow
W54ND,51.500187,-0.297678,Hounslow
W54NG,51.499352,-0.300216,Hounslow
W54NH,51.501391,-0.292648,Hounslow
W54NX,51.500674,-0.287309,Hounslow
W54RE,51.494473,-0.303027,Hounslow
W54RF,51.495068,-0.301939,Hounslow
W54RG,51.495334,-0.302895,Hounslow
W54RQ,51.495295,-0.303948,Hounslow
