WC1V7BN,51.518151,-0.113421,City of London
WC1V7PA,51.518008,-0.111939,City of London
WC1V7PB,51.518118,-0.112514,City of London
WC1V7PE,51.518092,-0.112166,City of London
WC1V7PP,51.518008,-0.111939,City of London
WC1V7PU,51.518127,-0.112640,City of London
WC1V7PX,51.518011,-0.111550,City of London
WC1V7PZ,51.517886,-0.111500,City of London
WC1V7QB,51.518008,-0.111939,City of London
WC1V7QD,51.518008,-0.111939,City of London
WC1V7QH,51.517724,-0.110930,City of London
WC1V7QJ,51.517652,-0.110948,City of London
WC1V7QT,51.517976,-0.112171,City of London
WC1V7QU,51.517966,-0.111004,City of London
WC2A1AF,51.517907,-0.113471,City of London
WC2A1AH,51.517642,-0.112127,City of London
WC2A1AL,51.517348,-0.111721,City of London
WC2A1AN,51.517642,-0.112127,City of London
WC2A1AP,51.517840,-0.112666,City of London
WC2A1EN,51.516211,-0.111915,City of London
WC2A1HL,51.517000,-0.112442,City of London
WC2A1HP,51.516757,-0.111904,City of London
WC2A1HR,51.516926,-0.111767,City of London
WC2A1JA,51.516501,-0.112203,City of London
WC2A1JE,51.516711,-0.112353,City of London
WC2A1JF,51.516881,-0.112331,City of London
WC2A1LA,51.515483,-0.111481,City of London
WC2A1LB,51.515612,-0.111580,City of London
WC2A1LF,51.513964,-0.110968,City of London
WC2A1LG,51.514394,-0.110921,City of London
WC2A1LR,51.514992,-0.111199,City of London
WC2A1LS,51.515483,-0.111481,City of London
WC2A1QS,51.517484,-0.112941,City of London
WC2A1QT,51.517484,-0.112941,City of London
WC2A1QU,51.517484,-0.112941,City of London
WC1A1AB,51.516386,-0.125165,Camden
WC1A1AD,51.517343,-0.124178,Camden
WC1A1AP,51.517361,-0.125413,Camden
WC1A1AW,51.516987,-0.127331,Camden
WC1A1BA,51.517019,-0.123586,Camden
WC1A1BH,51.516980,-0.125213,Camden
WC1A1BL,51.516855,-0.126429,Camden
WC1A1BN,51.516954,-0.125286,Camden
WC1A1BS,51.516677,-0.127099,Camden
WC1A1DB,51.516294,-0.129467,Camden
WC1A1DE,51.517156,-0.128221,Camden
WC1A1DG,51.516603,-0.127956,Camden
WC1A1EP,51.517223,-0.125682,Camden
WC1A1ES,51.517167,-0.126214,Camden
WC1A1EU,51.516987,-0.127331,Camden
WC1A1HB,51.516922,-0.128216,Camden
WC1A1HD,51.516729,-0.129201,Camden
WC1A1HH,51.516697,-0.129335,Camden
WC1A1HL,51.516632,-0.129911,Camden
WC1A1HP,51.516849,-0.129441,Camden
WC1A1HU,51.517252,-0.126344,Camden
WC1A1JB,51.517194,-0.127899,Camden
WC1A1JD,51.517717,-0.126898,Camden
WC1A1JH,51.516719,-0.125786,Camden
WC1A1JJ,51.516786,-0.125480,Camden
WC1A1JL,51.517508,-0.125497,Camden
WC1A1JN,51.517361,-0.125413,Camden
WC1A1JR,51.516395,-0.125165,Camden
WC1A1JS,51.516878,-0.125044,Camden
WC1A1JT,51.517600,-0.125652,Camden
WC1A1JU,51.517600,-0.125652,Camden
WC1A1LG,51.517910,-0.126039,Camden
WC1A1LH,51.517919,-0.126039,Camden
WC1A1LP,51.518015,-0.125721,Camden
WC1A1LQ,51.518113,-0.125786,Camden
WC1A1LT,51.517929,-0.125534,Camden
WC1A1LU,51.517929,-0.125548,Camden
WC1A1LY,51.517654,-0.125199,Camden
WC1A1NH,51.517341,-0.126282,Camden
WC1A1NJ,51.517530,-0.126415,Camden
WC1A1NL,51.517657,-0.126540,Camden
WC1A1NN,51.517740,-0.126666,Camden
WC1A1NP,51.517756,-0.126366,Camden
WC1A1NS,51.517643,-0.126223,Camden
WC1A1NT,51.517290,-0.125895,Camden
WC1A1NU,51.517135,-0.123523,Camden
WC1A1PB,51.516937,-0.124656,Camden
WC1A2AE,51.518775,-0.124462,Camden
WC1A2AH,51.517656,-0.122533,Camden
WC1A2AJ,51.517845,-0.121977,Camden
WC1A2AL,51.517607,-0.121699,Camden
WC1A2BP,51.518175,-0.122241,Camden
WC1A2DA,51.518192,-0.121704,Camden
WC1A2DB,51.518066,-0.121611,Camden
WC1A2EA,51.517947,-0.121486,Camden
WC1A2ED,51.517907,-0.122465,Camden
WC1A2EP,51.518681,-0.121381,Camden
WC1A2HH,51.517686,-0.126049,Camden
WC1A2HL,51.518247,-0.124627,Camden
WC1A2HN,51.517998,-0.125358,Camden
WC1A2HR,51.517487,-0.125901,Camden
WC1A2HS,51.518083,-0.125009,Camden
WC1A2JA,51.518092,-0.124475,Camden
WC1A2JB,51.518371,-0.124478,Camden
WC1A2JD,51.518181,-0.124976,Camden
WC1A2JH,51.518538,-0.124832,Camden
WC1A2JL,51.518557,-0.124312,Camden
WC1A2JR,51.518562,-0.124081,Camden
WC1A2JS,51.518072,-0.123784,Camden
WC1A2JU,51.518235,-0.123821,Camden
WC1A2JX,51.518353,-0.123946,Camden
WC1A2LA,51.517924,-0.124064,Camden
WC1A2LD,51.517962,-0.124235,Camden
WC1A2LH,51.518045,-0.124319,Camden
WC1A2LP,51.518561,-0.123447,Camden
WC1A2LS,51.518829,-0.123854,Camden
WC1A2NJ,51.518903,-0.123995,Camden
WC1A2NS,51.519379,-0.123835,Camden
WC1A2PJ,51.519717,-0.123057,Camden
WC1A2QA,51.519890,-0.122632,Camden
WC1A2QD,51.518697,-0.121236,Camden
WC1A2QH,51.518375,-0.121336,Camden
WC1A2QL,51.519888,-0.122657,Camden
WC1A2QN,51.519802,-0.122891,Camden
WC1A2QP,51.519985,-0.122480,Camden
WC1A2QR,51.518377,-0.121325,Camden
WC1A2QS,51.518377,-0.121325,Camden
WC1A2RA,51.518249,-0.122353,Camden
WC1A2RJ,51.518602,-0.123031,Camden
WC1A2RL,51.518133,-0.122528,Camden
WC1A2RN,51.518195,-0.122453,Camden
WC1A2RP,51.518038,-0.122636,Camden
WC1A2SA,51.517838,-0.124186,Camden
WC1A2SD,51.517958,-0.124553,Camden
WC1A2SE,51.517454,-0.124937,Camden
WC1A2SL,51.517427,-0.124362,Camden
WC1A2SN,51.517999,-0.123715,Camden
WC1A2TA,51.518216,-0.123119,Camden
WC1A2TH,51.517706,-0.123240,Camden
WC1B3AA,51.518137,-0.128970,Camden
WC1B3AD,51.517902,-0.128908,Camden
WC1B3AE,51.517872,-0.129298,Camden
WC1B3AG,51.517761,-0.129634,Camden
WC1B3AH,51.517972,-0.130476,Camden
WC1B3AJ,51.517674,-0.129699,Camden
WC1B3AN,51.517950,-0.130809,Camden
WC1B3AR,51.518405,-0.131655,Camden
WC1B3AS,51.518106,-0.129822,Camden
WC1B3AT,51.518597,-0.131160,Camden
WC1B3AU,51.517658,-0.130968,Camden
WC1B3AX,51.518304,-0.129324,Camden
WC1B3AZ,51.518627,-0.131516,Camden
WC1B3BA,51.518186,-0.125826,Camden
WC1B3BD,51.518268,-0.125376,Camden
WC1B3BE,51.518426,-0.125125,Camden
WC1B3BF,51.518605,-0.124933,Camden
WC1B3BG,51.518579,-0.125006,Camden
WC1B3BJ,51.518538,-0.124832,Camden
WC1B3BL,51.518631,-0.124889,Camden
WC1B3BN,51.518792,-0.124374,Camden
WC1B3BP,51.518915,-0.124196,Camden
WC1B3BQ,51.517189,-0.129845,Camden
WC1B3BS,51.516934,-0.130245,Camden
WC1B3DA,51.519222,-0.124285,Camden
WC1B3DD,51.518970,-0.126500,Camden
WC1B3DE,51.518970,-0.126500,Camden
WC1B3DG,51.519362,-0.126873,Camden
WC1B3DN,51.518295,-0.129872,Camden
WC1B3DP,51.518573,-0.129270,Camden
WC1B3DR,51.518530,-0.129358,Camden
WC1B3ED,51.518723,-0.131310,Camden
WC1B3EE,51.518668,-0.131240,Camden
WC1B3EG,51.518082,-0.130630,Camden
WC1B3EL,51.518155,-0.130642,Camden
WC1B3ES,51.518218,-0.130697,Camden
WC1B3GH,51.517618,-0.130260,Camden
WC1B3HA,51.518605,-0.131805,Camden
WC1B3HB,51.518989,-0.131631,Camden
WC1B3HD,51.518868,-0.131939,Camden
WC1B3HE,51.519058,-0.131498,Camden
WC1B3HF,51.518165,-0.128479,Camden
WC1B3HH,51.519286,-0.130945,Camden
WC1B3HN,51.519206,-0.131146,Camden
WC1B3HP,51.518737,-0.131486,Camden
WC1B3HX,51.518200,-0.130078,Camden
WC1B3JA,51.519614,-0.130236,Camden
WC1B3JL,51.517971,-0.126484,Camden
WC1B3JQ,51.517778,-0.128325,Camden
WC1B3JS,51.519616,-0.130210,Camden
WC1B3LA,51.517634,-0.129005,Camden
WC1B3LB,51.518015,-0.128096,Camden
WC1B3LD,51.517552,-0.129484,Camden
WC1B3LE,51.517776,-0.128351,Camden
WC1B3LH,51.517727,-0.128612,Camden
WC1B3LN,51.517275,-0.128472,Camden
WC1B3LQ,51.517275,-0.128472,Camden
WC1B3LS,51.517275,-0.128472,Camden
WC1B3NA,51.517576,-0.129325,Camden
WC1B3NB,51.517585,-0.129184,Camden
WC1B3ND,51.517072,-0.130427,Camden
WC1B3NG,51.517275,-0.128472,Camden
WC1B3NH,51.517206,-0.129689,Camden
WC1B3NN,51.517167,-0.129053,Camden
WC1B3NP,51.517354,-0.129928,Camden
WC1B3NQ,51.517287,-0.130403,Camden
WC1B3NZ,51.517799,-0.126981,Camden
WC1B3PA,51.518041,-0.126365,Camden
WC1B3PB,51.518060,-0.126282,Camden
WC1B3PD,51.517909,-0.126544,Camden
WC1B3PE,51.517851,-0.126820,Camden
WC1B3PH,51.517816,-0.126908,Camden
WC1B3PL,51.517851,-0.126806,Camden
WC1B3PP,51.517668,-0.127188,Camden
WC1B3PS,51.518008,-0.127494,Camden
WC1B3QA,51.517587,-0.127191,Camden
WC1B3QB,51.517743,-0.127289,Camden
WC1B3QD,51.517387,-0.127617,Camden
WC1B3QE,51.517105,-0.127398,Camden
WC1B3QJ,51.518246,-0.127816,Camden
WC1B3QQ,51.520721,-0.126947,Camden
WC1B3QT,51.518766,-0.128354,Camden
WC1B3QU,51.518966,-0.128547,Camden
WC1B3RA,51.519480,-0.129063,Camden
WC1B3RB,51.519058,-0.128644,Camden
WC1B3RD,51.519250,-0.128838,Camden
WC1B3RE,51.519598,-0.129256,Camden
WC1B3RF,51.519890,-0.129475,Camden
WC1B3RY,51.517618,-0.129107,Camden
WC1B3SR,51.517206,-0.126879,Camden
WC1B3UB,51.517275,-0.128472,Camden
WC1B4AA,51.517988,-0.120199,Camden
WC1B4AE,51.518227,-0.120408,Camden
WC1B4AF,51.518712,-0.120500,Camden
WC1B4AR,51.519668,-0.121646,Camden
WC1B4BA,51.519982,-0.121774,Camden
WC1B4BB,51.519924,-0.121938,Camden
WC1B4BH,51.520271,-0.121863,Camden
WC1B4BJ,51.520480,-0.122561,Camden
WC1B4BL,51.520407,-0.122477,Camden
WC1B4BN,51.520407,-0.122477,Camden
WC1B4BP,51.520489,-0.122560,Camden
WC1B4BS,51.520489,-0.122560,Camden
WC1B4DA,51.519207,-0.122112,Camden
WC1B4EA,51.519208,-0.122126,Camden
WC1B4ET,51.520261,-0.122916,Camden
WC1B4HA,51.520336,-0.123071,Camden
WC1B4HD,51.520693,-0.123475,Camden
WC1B4HH,51.520934,-0.123912,Camden
WC1B4HP,51.521117,-0.124556,Camden
WC1B4HR,51.521072,-0.124699,Camden
WC1B4HS,51.521168,-0.124395,Camden
WC1B4JA,51.520804,-0.125344,Camden
WC1B4JB,51.519206,-0.122152,Camden
WC1B4JP,51.520710,-0.125538,Camden
WC1B4JU,51.520804,-0.125344,Camden
WC1B5AA,51.520625,-0.122613,Camden
WC1B5AB,51.520761,-0.122679,Camden
WC1B5AD,51.520883,-0.122962,Camden
WC1B5AE,51.520773,-0.122837,Camden
WC1B5AF,51.521024,-0.123234,Camden
WC1B5AG,51.521238,-0.123236,Camden
WC1B5AH,51.519868,-0.123595,Camden
WC1B5AJ,51.521238,-0.123236,Camden
WC1B5AN,51.521438,-0.123386,Camden
WC1B5AR,51.521564,-0.123831,Camden
WC1B5BA,51.522240,-0.124089,Camden
WC1B5BB,51.521837,-0.124163,Camden
WC1B5BE,51.522633,-0.125024,Camden
WC1B5BH,51.519647,-0.124959,Camden
WC1B5BJ,51.520259,-0.125554,Camden
WC1B5BL,51.519444,-0.124636,Camden
WC1B5BP,51.519769,-0.125707,Camden
WC1B5BW,51.519222,-0.124285,Camden
WC1B5DA,51.520548,-0.126655,Camden
WC1B5DN,51.521135,-0.127493,Camden
WC1B5DP,51.521603,-0.127967,Camden
WC1B5DQ,51.521794,-0.128244,Camden
WC1B5DR,51.522483,-0.127452,Camden
WC1B5DT,51.521520,-0.127952,Camden
WC1B5DU,51.521137,-0.127467,Camden
WC1B5EA,51.522239,-0.127782,Camden
WC1B5EG,51.522851,-0.126114,Camden
WC1B5EH,51.523053,-0.126520,Camden
WC1B5ER,51.522670,-0.126654,Camden
WC1B5HA,51.518247,-0.121099,Camden
WC1B5HJ,51.518690,-0.121225,Camden
WC1B5HL,51.518697,-0.121236,Camden
WC1B5HP,51.519364,-0.121901,Camden
WC1B5JA,51.520635,-0.124356,Camden
WC1B5JD,51.519958,-0.123635,Camden
WC1B5JE,51.520114,-0.123844,Camden
WC1B5JH,51.520108,-0.124565,Camden
WC1B5JJ,51.520583,-0.125050,Camden
WC1B5JP,51.522483,-0.127452,Camden
WC1B5JR,51.519869,-0.124258,Camden
WC1B5JS,51.521694,-0.124057,Camden
WC1B5JT,51.519613,-0.123966,Camden
WC1B5JU,51.519961,-0.124355,Camden
WC1B5JX,51.521575,-0.123554,Camden
WC1E6AA,51.522575,-0.133059,Camden
WC1E6AD,51.522609,-0.133126,Camden
WC1E6AE,51.524045,-0.135158,Camden
WC1E6AF,51.522472,-0.132973,Camden
WC1E6AG,51.523127,-0.135152,Camden
WC1E6AJ,51.521516,-0.133344,Camden
WC1E6AP,51.523189,-0.133938,Camden
WC1E6AQ,51.523133,-0.135919,Camden
WC1E6AR,51.523076,-0.133611,Camden
WC1E6AS,51.524893,-0.136885,Camden
WC1E6AU,51.524045,-0.135158,Camden
WC1E6BN,51.525559,-0.133697,Camden
WC1E6BP,51.525052,-0.135188,Camden
WC1E6BS,51.525378,-0.134209,Camden
WC1E6BT,51.523569,-0.132424,Camden
WC1E6DB,51.524891,-0.136911,Camden
WC1E6DD,51.522735,-0.134231,Camden
WC1E6DE,51.523623,-0.134685,Camden
WC1E6DG,51.521683,-0.133542,Camden
WC1E6DH,51.524045,-0.135158,Camden
WC1E6DP,51.520120,-0.129826,Camden
WC1E6DX,51.524183,-0.136507,Camden
WC1E6DY,51.524183,-0.136507,Camden
WC1E6EA,51.521987,-0.131897,Camden
WC1E6EB,51.521522,-0.131314,Camden
WC1E6ED,51.521704,-0.131577,Camden
WC1E6EE,51.521529,-0.131340,Camden
WC1E6EG,51.522197,-0.132062,Camden
WC1E6EQ,51.522467,-0.132080,Camden
WC1E6ER,51.521529,-0.131340,Camden
WC1E6HA,51.519893,-0.130253,Camden
WC1E6HB,51.520023,-0.130367,Camden
WC1E6HD,51.519792,-0.130142,Camden
WC1E6HE,51.520147,-0.130416,Camden
WC1E6HG,51.520742,-0.131055,Camden
WC1E6HH,51.521009,-0.131335,Camden
WC1E6HJ,51.521778,-0.132183,Camden
WC1E6HP,51.519651,-0.130883,Camden
WC1E6HR,51.519858,-0.130875,Camden
WC1E6HU,51.522606,-0.133487,Camden
WC1E6HW,51.520367,-0.130666,Camden
WC1E6HX,51.522918,-0.133863,Camden
WC1E6JA,51.522543,-0.135006,Camden
WC1E6JB,51.522729,-0.135543,Camden
WC1E6JD,51.523158,-0.135410,Camden
WC1E6JF,51.523141,-0.135875,Camden
WC1E6JL,51.523601,-0.135522,Camden
WC1E6JN,51.523438,-0.135892,Camden
WC1E6JP,51.523336,-0.136397,Camden
WC1E6JW,51.523336,-0.136397,Camden
WC1E7AA,51.520465,-0.131196,Camden
WC1E7AD,51.522686,-0.131148,Camden
WC1E7AE,51.520310,-0.131436,Camden
WC1E7AG,51.520415,-0.131991,Camden
WC1E7AH,51.520947,-0.132041,Camden
WC1E7AP,51.521161,-0.132522,Camden
WC1E7AQ,51.520804,-0.131557,Camden
WC1E7AR,51.521262,-0.132633,Camden
WC1E7AS,51.521390,-0.132787,Camden
WC1E7AT,51.521491,-0.132912,Camden
WC1E7AU,51.521628,-0.133036,Camden
WC1E7AX,51.521747,-0.133161,Camden
WC1E7AY,51.521866,-0.133286,Camden
WC1E7AZ,51.521985,-0.133440,Camden
WC1E7BD,51.519269,-0.132297,Camden
WC1E7BL,51.519779,-0.131977,Camden
WC1E7BS,51.519827,-0.131207,Camden
WC1E7BT,51.519653,-0.131589,Camden
WC1E7DB,51.520088,-0.130663,Camden
WC1E7DE,51.520022,-0.131589,Camden
WC1E7DF,51.519561,-0.132559,Camden
WC1E7DH,51.519938,-0.131938,Camden
WC1E7DP,51.519971,-0.132326,Camden
WC1E7DQ,51.520245,-0.130902,Camden
WC1E7DS,51.520020,-0.130770,Camden
WC1E7DU,51.519772,-0.132233,Camden
WC1E7EA,51.520537,-0.132836,Camden
WC1E7EB,51.519929,-0.132951,Camden
WC1E7EN,51.520884,-0.133744,Camden
WC1E7ER,51.520878,-0.133961,Camden
WC1E7ET,51.521059,-0.132872,Camden
WC1E7EU,51.520621,-0.133640,Camden
WC1E7EX,51.520667,-0.132586,Camden
WC1E7EY,51.520921,-0.133155,Camden
WC1E7FB,51.520242,-0.133385,Camden
WC1E7HB,51.521897,-0.134542,Camden
WC1E7HE,51.522183,-0.134037,Camden
WC1E7HF,51.522183,-0.134037,Camden
WC1E7HG,51.522422,-0.133782,Camden
WC1E7HH,51.522422,-0.133782,Camden
WC1E7HJ,51.521747,-0.134159,Camden
WC1E7HL,51.521791,-0.133693,Camden
WC1E7HN,51.521518,-0.134612,Camden
WC1E7HT,51.520925,-0.130687,Camden
WC1E7HU,51.520642,-0.128724,Camden
WC1E7HX,51.521891,-0.130359,Camden
WC1E7HY,51.522686,-0.131148,Camden
WC1E7HZ,51.522097,-0.131446,Camden
WC1E7JE,51.522973,-0.132217,Camden
WC1E7JL,51.522988,-0.130343,Camden
WC1E7JN,51.522398,-0.131679,Camden
WC1E7JW,51.519868,-0.128586,Camden
WC1E7LE,51.523196,-0.131574,Camden
WC1E7LR,51.519963,-0.132989,Camden
WC1E7LY,51.521804,-0.133937,Camden
WC1E7PA,51.520888,-0.132288,Camden
WC1E7PH,51.520884,-0.133744,Camden
WC1E7QB,51.519768,-0.131412,Camden
WC1E7QE,51.519802,-0.131324,Camden
WC1H0AA,51.522909,-0.129802,Camden
WC1H0AB,51.523271,-0.130648,Camden
WC1H0AF,51.526889,-0.130789,Camden
WC1H0AG,51.523733,-0.131379,Camden
WC1H0AH,51.525070,-0.132755,Camden
WC1H0AJ,51.525420,-0.132164,Camden
WC1H0AL,51.522977,-0.127965,Camden
WC1H0AN,51.526198,-0.133167,Camden
WC1H0AP,51.523919,-0.128950,Camden
WC1H0AQ,51.524397,-0.127218,Camden
WC1H0AR,51.523934,-0.131587,Camden
WC1H0AT,51.524126,-0.131795,Camden
WC1H0AW,51.524384,-0.132048,Camden
WC1H0AX,51.526198,-0.133167,Camden
WC1H0AY,51.525635,-0.133363,Camden
WC1H0BS,51.526889,-0.130789,Camden
WC1H0BT,51.525989,-0.131751,Camden
WC1H0BW,51.525732,-0.132133,Camden
WC1H0BX,51.525721,-0.131427,Camden
WC1H0DB,51.522719,-0.126897,Camden
WC1H0DG,51.523252,-0.127189,Camden
WC1H0DH,51.525676,-0.130867,Camden
WC1H0DP,51.526060,-0.131284,Camden
WC1H0DS,51.526162,-0.130764,Camden
WC1H0EA,51.525821,-0.130400,Camden
WC1H0EB,51.526595,-0.131521,Camden
WC1H0EF,51.526133,-0.130650,Camden
WC1H0EG,51.526603,-0.130789,Camden
WC1H0EH,51.526273,-0.131509,Camden
WC1H0HA,51.526164,-0.129896,Camden
WC1H0HB,51.526164,-0.129896,Camden
WC1H0HD,51.526164,-0.129896,Camden
WC1H0HF,51.526164,-0.129896,Camden
WC1H0HJ,51.526164,-0.129896,Camden
WC1H0HL,51.526164,-0.129896,Camden
WC1H0HP,51.526164,-0.129896,Camden
WC1H0HQ,51.526164,-0.129896,Camden
WC1H0HT,51.526704,-0.130465,Camden
WC1H0HW,51.526164,-0.129896,Camden
WC1H0HX,51.526699,-0.129600,Camden
WC1H0JE,51.526827,-0.129205,Camden
WC1H0JH,51.526699,-0.129600,Camden
WC1H0JJ,51.526751,-0.129341,Camden
WC1H0JL,51.526662,-0.129010,Camden
WC1H0JR,51.524152,-0.127617,Camden
WC1H0JW,51.526418,-0.129467,Camden
WC1H0JX,51.523252,-0.127189,Camden
WC1H0JZ,51.523216,-0.126488,Camden
WC1H0LH,51.523131,-0.125767,Camden
WC1H0LL,51.523415,-0.126145,Camden
WC1H0LN,51.524022,-0.126830,Camden
WC1H0LP,51.523415,-0.126145,Camden
WC1H0LR,51.523415,-0.126145,Camden
WC1H0LS,51.523408,-0.126120,Camden
WC1H0LW,51.523415,-0.126145,Camden
WC1H0ND,51.523415,-0.126145,Camden
WC1H0NF,51.523415,-0.126145,Camden
WC1H0NG,51.523415,-0.126145,Camden
WC1H0NH,51.523415,-0.126145,Camden
WC1H0NJ,51.523415,-0.126145,Camden
WC1H0NL,51.523415,-0.126145,Camden
WC1H0NN,51.526804,-0.129844,Camden
WC1H0NR,51.523657,-0.129422,Camden
WC1H0NS,51.523510,-0.129269,Camden
WC1H0NT,51.523837,-0.129458,Camden
WC1H0NU,51.523837,-0.129458,Camden
WC1H0PD,51.524486,-0.130108,Camden
WC1H0PJ,51.524376,-0.129983,Camden
WC1H0PN,51.524141,-0.129766,Camden
WC1H0PP,51.524939,-0.132022,Camden
WC1H0PW,51.525324,-0.130766,Camden
WC1H0PY,51.524915,-0.131648,Camden
WC1H0QB,51.525972,-0.132386,Camden
WC1H0XG,51.522350,-0.129259,Camden
WC1H8AA,51.529813,-0.123028,Camden
WC1H8AB,51.529679,-0.123639,Camden
WC1H8AG,51.529243,-0.123383,Camden
WC1H8AH,51.526481,-0.119794,Camden
WC1H8AL,51.528966,-0.122904,Camden
WC1H8AP,51.528502,-0.122000,Camden
WC1H8AQ,51.526714,-0.120275,Camden
WC1H8AS,51.529084,-0.121691,Camden
WC1H8AT,51.529843,-0.122467,Camden
WC1H8BA,51.530027,-0.121793,Camden
WC1H8BB,51.529953,-0.122229,Camden
WC1H8BD,51.529971,-0.121623,Camden
WC1H8BG,51.529902,-0.121153,Camden
WC1H8BH,51.529648,-0.121694,Camden
WC1H8BJ,51.529392,-0.121430,Camden
WC1H8BL,51.529145,-0.121181,Camden
WC1H8BP,51.528898,-0.120917,Camden
WC1H8BS,51.527648,-0.124256,Camden
WC1H8BU,51.527650,-0.124400,Camden
WC1H8BW,51.530073,-0.122397,Camden
WC1H8BZ,51.527724,-0.123416,Camden
WC1H8DB,51.527690,-0.123504,Camden
WC1H8DD,51.527796,-0.122837,Camden
WC1H8DF,51.527806,-0.122894,Camden
WC1H8DG,51.527905,-0.122356,Camden
WC1H8DN,51.527905,-0.122356,Camden
WC1H8DR,51.528022,-0.121789,Camden
WC1H8DT,51.528022,-0.121789,Camden
WC1H8DU,51.528337,-0.121286,Camden
WC1H8DY,51.528365,-0.120752,Camden
WC1H8EA,51.528402,-0.120274,Camden
WC1H8EB,51.528560,-0.119882,Camden
WC1H8EE,51.528795,-0.120114,Camden
WC1H8EF,51.528759,-0.121211,Camden
WC1H8EG,51.529201,-0.123950,Camden
WC1H8EJ,51.529450,-0.123766,Camden
WC1H8EN,51.528879,-0.123643,Camden
WC1H8EP,51.528744,-0.123086,Camden
WC1H8ER,51.528477,-0.122708,Camden
WC1H8ET,51.528442,-0.123315,Camden
WC1H8EU,51.528420,-0.123662,Camden
WC1H8EW,51.527804,-0.123326,Camden
WC1H8EZ,51.528274,-0.123523,Camden
WC1H8HA,51.528340,-0.122021,Camden
WC1H8HB,51.528233,-0.123741,Camden
WC1H8HG,51.527977,-0.123478,Camden
WC1H8HH,51.528070,-0.123142,Camden
WC1H8HJ,51.528076,-0.122897,Camden
WC1H8HL,51.528206,-0.122632,Camden
WC1H8HP,51.528115,-0.121987,Camden
WC1H8HS,51.528192,-0.121768,Camden
WC1H8HW,51.528212,-0.122304,Camden
WC1H8HX,51.527239,-0.121735,Camden
WC1H8HZ,51.526540,-0.121331,Camden
WC1H8JA,51.527135,-0.120874,Camden
WC1H8JD,51.527182,-0.120469,Camden
WC1H8JF,51.527564,-0.120557,Camden
WC1H8JG,51.527660,-0.119944,Camden
WC1H8JH,51.527548,-0.120252,Camden
WC1H8JJ,51.527712,-0.119279,Camden
WC1H8JL,51.527135,-0.120874,Camden
WC1H8JN,51.527217,-0.119271,Camden
WC1H8JP,51.527347,-0.118948,Camden
WC1H8JS,51.527281,-0.123824,Camden
WC1H8JU,51.527517,-0.123240,Camden
WC1H8JW,51.527548,-0.120252,Camden
WC1H8JX,51.526716,-0.120546,Camden
WC1H8JZ,51.527159,-0.122949,Camden
WC1H8LA,51.526873,-0.122500,Camden
WC1H8LB,51.527620,-0.122512,Camden
WC1H8LD,51.527621,-0.122051,Camden
WC1H8LF,51.527703,-0.121557,Camden
WC1H8LG,51.527821,-0.121048,Camden
WC1H8LH,51.528387,-0.119871,Camden
WC1H8LJ,51.527912,-0.120540,Camden
WC1H8LP,51.528103,-0.120128,Camden
WC1H8LR,51.528191,-0.119432,Camden
WC1H8LS,51.528193,-0.119407,Camden
WC1H8NP,51.529432,-0.124514,Camden
WC1H9AA,51.527733,-0.129053,Camden
WC1H9AB,51.527165,-0.128932,Camden
WC1H9AD,51.526982,-0.129329,Camden
WC1H9AH,51.526537,-0.127934,Camden
WC1H9AL,51.526785,-0.128212,Camden
WC1H9AP,51.527349,-0.128103,Camden
WC1H9AQ,51.525840,-0.127646,Camden
WC1H9AR,51.527545,-0.127994,Camden
WC1H9AS,51.527669,-0.127873,Camden
WC1H9AT,51.527270,-0.128599,Camden
WC1H9AU,51.529077,-0.125379,Camden
WC1H9AW,51.527109,-0.128228,Camden
WC1H9AX,51.528034,-0.128147,Camden
WC1H9AZ,51.527763,-0.127523,Camden
WC1H9BB,51.527980,-0.126898,Camden
WC1H9BD,51.527897,-0.126912,Camden
WC1H9BF,51.528277,-0.127070,Camden
WC1H9BL,51.528605,-0.126191,Camden
WC1H9BQ,51.525384,-0.128215,Camden
WC1H9BT,51.528261,-0.127045,Camden
WC1H9BY,51.526844,-0.128008,Camden
WC1H9DB,51.528259,-0.127071,Camden
WC1H9DJ,51.528670,-0.125237,Camden
WC1H9DL,51.528792,-0.124958,Camden
WC1H9DP,51.528585,-0.124938,Camden
WC1H9DQ,51.528528,-0.125344,Camden
WC1H9DR,51.528585,-0.124938,Camden
WC1H9DS,51.528388,-0.124441,Camden
WC1H9DT,51.528388,-0.124441,Camden
WC1H9DU,51.528282,-0.124406,Camden
WC1H9DW,51.528788,-0.124684,Camden
WC1H9DX,51.528280,-0.124431,Camden
WC1H9DZ,51.528212,-0.123947,Camden
WC1H9EG,51.528750,-0.124037,Camden
WC1H9EH,51.527110,-0.127723,Camden
WC1H9EL,51.526234,-0.126981,Camden
WC1H9EN,51.527509,-0.126715,Camden
WC1H9EP,51.526640,-0.125223,Camden
WC1H9ER,51.526788,-0.125055,Camden
WC1H9ES,51.527052,-0.125275,Camden
WC1H9EU,51.524241,-0.128317,Camden
WC1H9EW,51.526464,-0.125039,Camden
WC1H9EX,51.524388,-0.129594,Camden
WC1H9EZ,51.524936,-0.130021,Camden
WC1H9GB,51.529077,-0.125379,Camden
WC1H9GD,51.529077,-0.125379,Camden
WC1H9GE,51.529077,-0.125379,Camden
WC1H9GF,51.529077,-0.125379,Camden
WC1H9GG,51.529077,-0.125379,Camden
WC1H9GH,51.529077,-0.125379,Camden
WC1H9GJ,51.529077,-0.125379,Camden
WC1H9GL,51.529077,-0.125379,Camden
WC1H9GN,51.529077,-0.125379,Camden
WC1H9GP,51.529077,-0.125379,Camden
WC1H9GQ,51.529077,-0.125379,Camden
WC1H9GR,51.529077,-0.125379,Camden
WC1H9GS,51.529077,-0.125379,Camden
WC1H9GT,51.529077,-0.125379,Camden
WC1H9GU,51.529077,-0.125379,Camden
WC1H9GW,51.529077,-0.125379,Camden
WC1H9GX,51.529077,-0.125379,Camden
WC1H9HB,51.525837,-0.129678,Camden
WC1H9HD,51.525828,-0.129693,Camden
WC1H9HE,51.525627,-0.130033,Camden
WC1H9HF,51.525828,-0.129693,Camden
WC1H9HG,51.525627,-0.130033,Camden
WC1H9HH,51.525678,-0.129887,Camden
WC1H9HQ,51.525828,-0.129693,Camden
WC1H9HR,51.526207,-0.129090,Camden
WC1H9HU,51.525828,-0.129693,Camden
WC1H9HW,51.525837,-0.129678,Camden
WC1H9HX,51.526367,-0.128391,Camden
WC1H9JA,51.526365,-0.128417,Camden
WC1H9JB,51.527588,-0.125022,Camden
WC1H9JE,51.529079,-0.125353,Camden
WC1H9JG,51.527588,-0.125022,Camden
WC1H9JH,51.526336,-0.128274,Camden
WC1H9JJ,51.526367,-0.128391,Camden
WC1H9JP,51.526365,-0.128417,Camden
WC1H9JR,51.526365,-0.128417,Camden
WC1H9JZ,51.525898,-0.129013,Camden
WC1H9LG,51.526365,-0.128417,Camden
WC1H9LN,51.525775,-0.128600,Camden
WC1H9LQ,51.526336,-0.128274,Camden
WC1H9LT,51.525382,-0.128241,Camden
WC1H9LU,51.529077,-0.125379,Camden
WC1H9NA,51.525047,-0.127912,Camden
WC1H9NE,51.527543,-0.124995,Camden
WC1H9NP,51.528334,-0.126130,Camden
WC1H9NS,51.528528,-0.125344,Camden
WC1H9NT,51.527908,-0.124821,Camden
WC1H9NU,51.527908,-0.124821,Camden
WC1H9NX,51.527908,-0.124821,Camden
WC1H9PA,51.527688,-0.123966,Camden
WC1H9PB,51.527844,-0.124190,Camden
WC1H9PD,51.527608,-0.124603,Camden
WC1H9PE,51.527939,-0.124489,Camden
WC1H9PF,51.526684,-0.125261,Camden
WC1H9PG,51.528136,-0.124452,Camden
WC1H9PJ,51.527491,-0.129106,Camden
WC1H9PL,51.526894,-0.125469,Camden
WC1H9PN,51.527028,-0.128793,Camden
WC1H9PP,51.527369,-0.125939,Camden
WC1H9PR,51.527569,-0.126075,Camden
WC1H9PT,51.527724,-0.126242,Camden
WC1H9PU,51.527908,-0.124821,Camden
WC1H9PW,51.527249,-0.125786,Camden
WC1H9PX,51.527908,-0.124821,Camden
WC1H9PY,51.527245,-0.128759,Camden
WC1H9PZ,51.527848,-0.126107,Camden
WC1H9QA,51.527829,-0.126021,Camden
WC1H9QD,51.527646,-0.125856,Camden
WC1H9QE,51.527482,-0.125690,Camden
WC1H9QG,51.527327,-0.125581,Camden
WC1H9QH,51.527073,-0.125291,Camden
WC1H9QL,51.527450,-0.125233,Camden
WC1H9QP,51.526628,-0.123447,Camden
WC1H9QR,51.526628,-0.123447,Camden
WC1H9QS,51.526220,-0.124245,Camden
WC1H9QT,51.526695,-0.124309,Camden
WC1H9QU,51.525154,-0.130297,Camden
WC1H9QW,51.526628,-0.123447,Camden
WC1H9QX,51.526916,-0.124603,Camden
WC1H9QZ,51.526916,-0.124603,Camden
WC1H9RA,51.524758,-0.127290,Camden
WC1H9RD,51.524938,-0.126890,Camden
WC1H9RE,51.525382,-0.125978,Camden
WC1H9RF,51.526750,-0.124350,Camden
WC1H9RG,51.525638,-0.125102,Camden
WC1H9RH,51.525739,-0.124709,Camden
WC1H9RL,51.525865,-0.124113,Camden
WC1H9RS,51.526309,-0.122483,Camden
WC1H9RT,51.526307,-0.122509,Camden
WC1H9RU,51.525034,-0.126727,Camden
WC1H9RW,51.526080,-0.123513,Camden
WC1H9RX,51.526534,-0.122643,Camden
WC1H9RZ,51.526869,-0.122817,Camden
WC1H9SA,51.526060,-0.124523,Camden
WC1H9SE,51.526011,-0.124842,Camden
WC1H9SF,51.525925,-0.125047,Camden
WC1H9SH,51.525448,-0.126710,Camden
WC1H9SN,51.525263,-0.127384,Camden
WC1H9SP,51.529077,-0.125379,Camden
WC1H9SR,51.529077,-0.125379,Camden
WC1H9SZ,51.526853,-0.129146,Camden
WC1H9TW,51.526206,-0.129115,Camden
WC1H9XX,51.525510,-0.127255,Camden
WC1H9XY,51.526227,-0.127630,Camden
WC1H9XZ,51.525911,-0.126994,Camden
WC1H9ZD,51.529077,-0.125379,Camden
WC1N1AB,51.525387,-0.125170,Camden
WC1N1AE,51.524180,-0.123922,Camden
WC1N1AF,51.524273,-0.123529,Camden
WC1N1AG,51.526022,-0.125519,Camden
WC1N1AL,51.525822,-0.125775,Camden
WC1N1AN,51.523832,-0.124095,Camden
WC1N1AP,51.524995,-0.125402,Camden
WC1N1AQ,51.524812,-0.123493,Camden
WC1N1AS,51.523551,-0.121671,Camden
WC1N1AW,51.524150,-0.123174,Camden
WC1N1AX,51.525083,-0.122458,Camden
WC1N1AZ,51.525481,-0.120758,Camden
WC1N1BD,51.525237,-0.122959,Camden
WC1N1BE,51.525597,-0.123662,Camden
WC1N1BG,51.525769,-0.123771,Camden
WC1N1BJ,51.525869,-0.123838,Camden
WC1N1BL,51.525952,-0.123388,Camden
WC1N1BN,51.525673,-0.123230,Camden
WC1N1BP,51.524709,-0.123785,Camden
WC1N1BS,51.523729,-0.123656,Camden
WC1N1DA,51.523946,-0.117157,Camden
WC1N1DB,51.522240,-0.124089,Camden
WC1N1DD,51.522653,-0.124043,Camden
WC1N1DE,51.522837,-0.122003,Camden
WC1N1DF,51.522924,-0.122824,Camden
WC1N1DG,51.523063,-0.122094,Camden
WC1N1DH,51.523844,-0.117550,Camden
WC1N1DJ,51.523486,-0.120996,Camden
WC1N1DN,51.524423,-0.120006,Camden
WC1N1DP,51.524334,-0.116665,Camden
WC1N1DR,51.524131,-0.116244,Camden
WC1N1DT,51.523860,-0.117434,Camden
WC1N1DW,51.523752,-0.117831,Camden
WC1N1DX,51.523734,-0.117944,Camden
WC1N1DZ,51.523513,-0.118634,Camden
WC1N1EA,51.523212,-0.119075,Camden
WC1N1EH,51.523229,-0.120098,Camden
WC1N1EP,51.522934,-0.121321,Camden
WC1N1ES,51.522541,-0.123226,Camden
WC1N1EX,51.523554,-0.125808,Camden
WC1N1HA,51.523408,-0.126120,Camden
WC1N1HB,51.524053,-0.126681,Camden
WC1N1HD,51.524053,-0.126681,Camden
WC1N1HE,51.524332,-0.125574,Camden
WC1N1HJ,51.524504,-0.126749,Camden
WC1N1HN,51.524659,-0.126901,Camden
WC1N1HP,51.524889,-0.126632,Camden
WC1N1HQ,51.524358,-0.126625,Camden
WC1N1HT,51.523724,-0.125069,Camden
WC1N1HX,51.522923,-0.124579,Camden
WC1N1JA,51.522987,-0.123384,Camden
WC1N1JD,51.522793,-0.124354,Camden
WC1N1JE,51.523029,-0.123926,Camden
WC1N1JF,51.524497,-0.125711,Camden
WC1N1JG,51.524514,-0.125653,Camden
WC1N1JH,51.524837,-0.125640,Camden
WC1N1JJ,51.524892,-0.125681,Camden
WC1N1JL,51.523147,-0.123446,Camden
WC1N1JN,51.525086,-0.126047,Camden
WC1N1JP,51.525070,-0.126120,Camden
WC1N1JQ,51.523281,-0.122806,Camden
WC1N1JS,51.524755,-0.126119,Camden
WC1N1JX,51.524709,-0.126077,Camden
WC1N1LA,51.523100,-0.125538,Camden
WC1N1LB,51.523176,-0.125261,Camden
WC1N1LE,51.523357,-0.124720,Camden
WC1N1LJ,51.522998,-0.124652,Camden
WC1N1LN,51.523257,-0.123571,Camden
WC1N1LT,51.523375,-0.123033,Camden
WC1N1LX,51.523485,-0.122625,Camden
WC1N1LY,51.523191,-0.122219,Camden
WC1N1LZ,51.523375,-0.122330,Camden
WC1N1NJ,51.525175,-0.124833,Camden
WC1N1NL,51.525328,-0.124827,Camden
WC1N1NN,51.525455,-0.124893,Camden
WC1N1NP,51.525480,-0.124229,Camden
WC1N1NX,51.524812,-0.123493,Camden
WC1N1NY,51.524812,-0.123493,Camden
WC1N1NZ,51.524812,-0.123493,Camden
WC1N1PA,51.525481,-0.122459,Camden
WC1N1PB,51.525439,-0.122804,Camden
WC1N1PD,51.525640,-0.122871,Camden
WC1N1PE,51.525336,-0.123082,Camden
WC1N1PF,51.525785,-0.122346,Camden
WC1N1PG,51.526224,-0.121679,Camden
WC1N1PH,51.525529,-0.122238,Camden
WC1N1PJ,51.525971,-0.122854,Camden
WC1N1QE,51.523832,-0.124095,Camden
WC1N1QF,51.523832,-0.124095,Camden
WC1N1QG,51.523832,-0.124095,Camden
WC1N1RE,51.525421,-0.125616,Camden
WC1N2AA,51.524511,-0.117061,Camden
WC1N2AB,51.524500,-0.118071,Camden
WC1N2AD,51.525012,-0.117444,Camden
WC1N2AF,51.525763,-0.117774,Camden
WC1N2AH,51.526201,-0.118174,Camden
WC1N2AJ,51.525754,-0.119446,Camden
WC1N2AL,51.526568,-0.118464,Camden
WC1N2AN,51.525914,-0.118733,Camden
WC1N2AP,51.525133,-0.119414,Camden
WC1N2AT,51.521688,-0.115405,Camden
WC1N2AY,51.524181,-0.118343,Camden
WC1N2BF,51.522761,-0.116196,Camden
WC1N2BG,51.522397,-0.115880,Camden
WC1N2BH,51.522351,-0.115824,Camden
WC1N2BL,51.522150,-0.115660,Camden
WC1N2BS,51.522314,-0.115783,Camden
WC1N2BW,51.522268,-0.115712,Camden
WC1N2BX,51.522205,-0.115686,Camden
WC1N2BY,51.522433,-0.115922,Camden
WC1N2DE,51.522570,-0.115455,Camden
WC1N2DG,51.521986,-0.116462,Camden
WC1N2DL,51.522672,-0.115511,Camden
WC1N2EB,51.522259,-0.115165,Camden
WC1N2ED,51.522351,-0.115276,Camden
WC1N2ES,51.521725,-0.114815,Camden
WC1N2HY,51.521908,-0.114447,Camden
WC1N2HZ,51.521990,-0.114502,Camden
WC1N2JA,51.521552,-0.114272,Camden
WC1N2JB,51.521803,-0.114077,Camden
WC1N2JE,51.522180,-0.114159,Camden
WC1N2JF,51.522068,-0.114888,Camden
WC1N2JG,51.522271,-0.114746,Camden
WC1N2JJ,51.522300,-0.114370,Camden
WC1N2JN,51.522444,-0.114898,Camden
WC1N2JP,51.522547,-0.114620,Camden
WC1N2JQ,51.522246,-0.114906,Camden
WC1N2JS,51.523510,-0.116183,Camden
WC1N2JT,51.523208,-0.115991,Camden
WC1N2JU,51.522838,-0.114795,Camden
WC1N2JX,51.523045,-0.115392,Camden
WC1N2JY,51.522952,-0.115756,Camden
WC1N2JZ,51.522889,-0.115730,Camden
WC1N2LA,51.523473,-0.115720,Camden
WC1N2LD,51.523460,-0.115349,Camden
WC1N2LE,51.524061,-0.115941,Camden
WC1N2LF,51.524002,-0.116595,Camden
WC1N2LH,51.523846,-0.116541,Camden
WC1N2LJ,51.523800,-0.116500,Camden
WC1N2LQ,51.523264,-0.115570,Camden
WC1N2LR,51.523700,-0.116403,Camden
WC1N2LS,51.523408,-0.116141,Camden
WC1N2LW,51.523654,-0.116361,Camden
WC1N2LX,51.523599,-0.116263,Camden
WC1N2NA,51.521594,-0.115711,Camden
WC1N2NB,51.521458,-0.115688,Camden
WC1N2NE,51.521379,-0.115637,Camden
WC1N2NP,51.521437,-0.116456,Camden
WC1N2NR,51.521802,-0.116366,Camden
WC1N2NS,51.521712,-0.115822,Camden
WC1N2NT,51.521866,-0.115873,Camden
WC1N2NU,51.525937,-0.120188,Camden
WC1N2NW,51.521959,-0.116478,Camden
WC1N2NX,51.521998,-0.116257,Camden
WC1N2NY,51.525479,-0.120784,Camden
WC1N2NZ,51.521866,-0.115859,Camden
WC1N2PA,51.522358,-0.116242,Camden
WC1N2PB,51.522784,-0.116498,Camden
WC1N2PF,51.523292,-0.117342,Camden
WC1N2PG,51.523370,-0.117152,Camden
WC1N2PH,51.522944,-0.116362,Camden
WC1N2PL,51.523390,-0.116690,Camden
WC1N2PN,51.523098,-0.116428,Camden
WC1N2QL,51.521594,-0.115711,Camden
WC1N3AA,51.520117,-0.121178,Camden
WC1N3AB,51.520038,-0.120792,Camden
WC1N3AD,51.519940,-0.121387,Camden
WC1N3AE,51.519711,-0.121108,Camden
WC1N3AF,51.520593,-0.122170,Camden
WC1N3AH,51.520946,-0.122412,Camden
WC1N3AJ,51.520916,-0.121664,Camden
WC1N3AL,51.520692,-0.121731,Camden
WC1N3AN,51.520761,-0.122131,Camden
WC1N3AP,51.521184,-0.122719,Camden
WC1N3AQ,51.520864,-0.121810,Camden
WC1N3AR,51.521375,-0.122686,Camden
WC1N3AS,51.520569,-0.121937,Camden
WC1N3AT,51.521405,-0.123013,Camden
WC1N3AX,51.520592,-0.122210,Camden
WC1N3AY,51.522396,-0.123131,Camden
WC1N3AZ,51.522140,-0.123415,Camden
WC1N3BA,51.522509,-0.122867,Camden
WC1N3BB,51.522509,-0.122867,Camden
WC1N3BG,51.522171,-0.122001,Camden
WC1N3BH,51.521135,-0.121294,Camden
WC1N3BP,51.520576,-0.121202,Camden
WC1N3BT,51.520476,-0.121134,Camden
WC1N3BW,51.520761,-0.120978,Camden
WC1N3DA,51.521131,-0.116552,Camden
WC1N3DB,51.521003,-0.116471,Camden
WC1N3DF,51.521221,-0.116592,Camden
WC1N3DH,51.521377,-0.116660,Camden
WC1N3DN,51.521575,-0.116793,Camden
WC1N3DP,51.521631,-0.116808,Camden
WC1N3EA,51.521937,-0.116951,Camden
WC1N3EB,51.522217,-0.116997,Camden
WC1N3EE,51.523316,-0.117673,Camden
WC1N3EF,51.523479,-0.117767,Camden
WC1N3EG,51.523570,-0.117835,Camden
WC1N3EN,51.523168,-0.118025,Camden
WC1N3EP,51.522850,-0.117793,Camden
WC1N3EQ,51.522726,-0.117322,Camden
WC1N3ER,51.522387,-0.117538,Camden
WC1N3ES,51.521664,-0.117280,Camden
WC1N3EW,51.523079,-0.117524,Camden
WC1N3EY,51.521428,-0.117145,Camden
WC1N3GS,51.521069,-0.118299,Camden
WC1N3HB,51.521110,-0.116985,Camden
WC1N3HR,51.521739,-0.121399,Camden
WC1N3HZ,51.521746,-0.120188,Camden
WC1N3JB,51.522125,-0.119149,Camden
WC1N3JE,51.522210,-0.119924,Camden
WC1N3JH,51.522210,-0.119924,Camden
WC1N3JL,51.521962,-0.119603,Camden
WC1N3JP,51.521406,-0.119698,Camden
WC1N3JQ,51.521636,-0.120567,Camden
WC1N3JT,51.521113,-0.120531,Camden
WC1N3JW,51.521620,-0.119011,Camden
WC1N3JX,51.521586,-0.120281,Camden
WC1N3JZ,51.521006,-0.121127,Camden
WC1N3LA,51.521129,-0.117576,Camden
WC1N3LB,51.521496,-0.118051,Camden
WC1N3LD,51.521353,-0.117973,Camden
WC1N3LE,51.521088,-0.117808,Camden
WC1N3LH,51.521744,-0.118216,Camden
WC1N3LJ,51.521496,-0.118051,Camden
WC1N3LL,51.521797,-0.118269,Camden
WC1N3LN,51.522497,-0.118661,Camden
WC1N3LP,51.522625,-0.118757,Camden
WC1N3LQ,51.522743,-0.118810,Camden
WC1N3LR,51.522834,-0.118878,Camden
WC1N3LS,51.523051,-0.118534,Camden
WC1N3LT,51.522715,-0.118739,Camden
WC1N3LU,51.522849,-0.118269,Camden
WC1N3LW,51.522069,-0.118445,Camden
WC1N3LX,51.523036,-0.118737,Camden
WC1N3LZ,51.522996,-0.118929,Camden
WC1N3NA,51.522233,-0.118539,Camden
WC1N3NB,51.521994,-0.118780,Camden
WC1N3NF,51.521983,-0.119115,Camden
WC1N3NG,51.521532,-0.118470,Camden
WC1N3NH,51.521694,-0.118619,Camden
WC1N3NL,51.521069,-0.118299,Camden
WC1N3NN,51.522210,-0.119924,Camden
WC1N3NR,51.520812,-0.117430,Camden
WC1N3NW,51.521496,-0.118051,Camden
WC1N3PA,51.520854,-0.118942,Camden
WC1N3PB,51.521030,-0.118675,Camden
WC1N3PD,51.521254,-0.118666,Camden
WC1N3PE,51.520979,-0.118879,Camden
WC1N3PF,51.521103,-0.119306,Camden
WC1N3PG,51.520753,-0.119378,Camden
WC1N3PH,51.520532,-0.120195,Camden
WC1N3PJ,51.520954,-0.120120,Camden
WC1N3PR,51.520515,-0.120786,Camden
WC1N3PS,51.520863,-0.120642,Camden
WC1N3PX,51.520761,-0.120978,Camden
WC1N3PZ,51.520277,-0.120522,Camden
WC1N3QA,51.521259,-0.117296,Camden
WC1N3QH,51.521712,-0.118042,Camden
WC1N3QL,51.521264,-0.117613,Camden
WC1N3QN,51.521421,-0.117682,Camden
WC1N3QS,51.521600,-0.117801,Camden
WC1N3QT,51.521861,-0.117834,Camden
WC1N3QU,51.522178,-0.117403,Camden
WC1N3QW,51.521607,-0.118064,Camden
WC1N3QZ,51.522103,-0.117780,Camden
WC1N3RA,51.522406,-0.118143,Camden
WC1N3RB,51.522624,-0.118249,Camden
WC1N3RX,51.522396,-0.123131,Camden
WC1R4AB,51.518026,-0.119765,Camden
WC1R4AG,51.519738,-0.118858,Camden
WC1R4AJ,51.518773,-0.117039,Camden
WC1R4AP,51.518702,-0.118209,Camden
WC1R4AQ,51.518730,-0.117141,Camden
WC1R4AT,51.518889,-0.117412,Camden
WC1R4AX,51.519648,-0.117078,Camden
WC1R4AY,51.519703,-0.116726,Camden
WC1R4AZ,51.519704,-0.115616,Camden
WC1R4BB,51.519672,-0.117592,Camden
WC1R4BD,51.519498,-0.117398,Camden
WC1R4BE,51.519667,-0.117838,Camden
WC1R4BG,51.519318,-0.117924,Camden
WC1R4BH,51.519955,-0.116730,Camden
WC1R4BN,51.519915,-0.115363,Camden
WC1R4BS,51.519486,-0.115496,Camden
WC1R4BU,51.519705,-0.115591,Camden
WC1R4BW,51.520398,-0.115717,Camden
WC1R4BX,51.519640,-0.115590,Camden
WC1R4BZ,51.519219,-0.115132,Camden
WC1R4EB,51.520514,-0.116134,Camden
WC1R4EE,51.520102,-0.115646,Camden
WC1R4EF,51.520140,-0.115915,Camden
WC1R4EH,51.520679,-0.116271,Camden
WC1R4EQ,51.520331,-0.116037,Camden
WC1R4FS,51.518796,-0.117776,Camden
WC1R4HD,51.520477,-0.116752,Camden
WC1R4HE,51.520323,-0.116672,Camden
WC1R4HQ,51.519738,-0.118873,Camden
WC1R4JH,51.519706,-0.116337,Camden
WC1R4LL,51.519134,-0.115986,Camden
WC1R4LP,51.520323,-0.116686,Camden
WC1R4LR,51.518852,-0.115248,Camden
WC1R4NA,51.518583,-0.116974,Camden
WC1R4NY,51.518652,-0.117317,Camden
WC1R4PA,51.518982,-0.117160,Camden
WC1R4PD,51.519445,-0.117273,Camden
WC1R4PF,51.519854,-0.117545,Camden
WC1R4PN,51.520271,-0.117352,Camden
WC1R4PS,51.519340,-0.116889,Camden
WC1R4PZ,51.519388,-0.116696,Camden
WC1R4QF,51.518906,-0.118561,Camden
WC1R4QG,51.518753,-0.119129,Camden
WC1R4QH,51.518950,-0.118418,Camden
WC1R4QR,51.519000,-0.114925,Camden
WC1R4QT,51.518983,-0.118327,Camden
WC1R4RA,51.519077,-0.118064,Camden
WC1R4RB,51.519547,-0.119313,Camden
WC1R4RE,51.519673,-0.118212,Camden
WC1R4RG,51.520016,-0.117737,Camden
WC1R4RH,51.520073,-0.117879,Camden
WC1R4RL,51.519792,-0.118337,Camden
WC1R4SE,51.519545,-0.118073,Camden
WC1R4SG,51.519438,-0.119638,Camden
WC1R4TF,51.519411,-0.115297,Camden
WC1R4TH,51.518940,-0.117349,Camden
WC1R4TQ,51.520677,-0.116297,Camden
WC1R5AA,51.519359,-0.113223,Camden
WC1R5AH,51.520012,-0.113542,Camden
WC1R5AT,51.519707,-0.114708,Camden
WC1R5AZ,51.520168,-0.113176,Camden
WC1R5BH,51.520614,-0.115204,Camden
WC1R5BN,51.519925,-0.114814,Camden
WC1R5BP,51.520088,-0.114909,Camden
WC1R5BQ,51.519707,-0.114708,Camden
WC1R5DH,51.518607,-0.113961,Camden
WC1R5DJ,51.518836,-0.114084,Camden
WC1R5EF,51.519178,-0.114254,Camden
WC1R5ET,51.519100,-0.112027,Camden
WC1R5EU,51.519169,-0.113116,Camden
WC1R5EY,51.519064,-0.113152,Camden
WC1R5HH,51.519862,-0.112485,Camden
WC1R5HP,51.518856,-0.112134,Camden
WC1R5HT,51.518816,-0.112410,Camden
WC1R5JD,51.520051,-0.112604,Camden
WC1R5JH,51.519504,-0.113261,Camden
WC1R5JP,51.519515,-0.112280,Camden
WC1R5JR,51.519696,-0.112374,Camden
WC1R5JT,51.520199,-0.112857,Camden
WC1R5LN,51.521304,-0.113388,Camden
WC1R5LP,51.521080,-0.113397,Camden
WC1R5LQ,51.520735,-0.113210,Camden
WC1R5LR,51.520590,-0.113129,Camden
WC1R5LW,51.520943,-0.113288,Camden
WC1R5NR,51.520714,-0.115272,Camden
WC1R5NT,51.520590,-0.113129,Camden
WC1V6AA,51.518435,-0.113896,Camden
WC1V6AE,51.518460,-0.113610,Camden
WC1V6AL,51.518470,-0.116100,Camden
WC1V6AN,51.517642,-0.121049,Camden
WC1V6AT,51.518556,-0.113055,Camden
WC1V6AX,51.518499,-0.113418,Camden
WC1V6AY,51.518841,-0.113418,Camden
WC1V6AZ,51.518560,-0.113144,Camden
WC1V6BA,51.518417,-0.116145,Camden
WC1V6BN,51.518562,-0.112838,Camden
WC1V6BS,51.518497,-0.112585,Camden
WC1V6BX,51.518501,-0.112394,Camden
WC1V6BZ,51.518501,-0.112394,Camden
WC1V6DA,51.518417,-0.116145,Camden
WC1V6DF,51.518224,-0.117551,Camden
WC1V6DR,51.518439,-0.111892,Camden
WC1V6DT,51.518261,-0.115276,Camden
WC1V6DW,51.518056,-0.119389,Camden
WC1V6DX,51.518278,-0.115315,Camden
WC1V6EA,51.518419,-0.116119,Camden
WC1V6EP,51.518336,-0.114869,Camden
WC1V6ER,51.518327,-0.114884,Camden
WC1V6HG,51.518784,-0.113781,Camden
WC1V6HR,51.518956,-0.113874,Camden
WC1V6HU,51.518843,-0.113392,Camden
WC1V6HZ,51.519031,-0.113468,Camden
WC1V6JF,51.518578,-0.115533,Camden
WC1V6JJ,51.517885,-0.119958,Camden
WC1V6JQ,51.517856,-0.119844,Camden
WC1V6JS,51.517967,-0.119338,Camden
WC1V6LF,51.517927,-0.118547,Camden
WC1V6LJ,51.518109,-0.118093,Camden
WC1V6LS,51.518065,-0.117154,Camden
WC1V6NP,51.518436,-0.114516,Camden
WC1V6NX,51.518149,-0.118941,Camden
WC1V6NY,51.518446,-0.119589,Camden
WC1V6NZ,51.518618,-0.119149,Camden
WC1V6PA,51.516166,-0.125491,Camden
WC1V6PB,51.516386,-0.125165,Camden
WC1V6PJ,51.516671,-0.124306,Camden
WC1V6PL,51.517456,-0.122945,Camden
WC1V6PQ,51.517563,-0.121730,Camden
WC1V6PS,51.517524,-0.121994,Camden
WC1V6PX,51.517516,-0.122222,Camden
WC1V6RB,51.518329,-0.115111,Camden
WC1V6RD,51.517824,-0.120076,Camden
WC1V6RL,51.518366,-0.115084,Camden
WC1V7AA,51.515731,-0.125307,Camden
WC1V7AB,51.516136,-0.123478,Camden
WC1V7AP,51.516614,-0.123602,Camden
WC1V7BD,51.516893,-0.122593,Camden
WC1V7BF,51.517257,-0.121151,Camden
WC1V7BH,51.516764,-0.122973,Camden
WC1V7BW,51.517265,-0.121699,Camden
WC1V7DA,51.517541,-0.119716,Camden
WC1V7DN,51.517516,-0.119227,Camden
WC1V7DX,51.517388,-0.119131,Camden
WC1V7DZ,51.517499,-0.120031,Camden
WC1V7EE,51.517784,-0.115941,Camden
WC1V7EG,51.517543,-0.119831,Camden
WC1V7EJ,51.517782,-0.116780,Camden
WC1V7EN,51.517329,-0.117790,Camden
WC1V7EP,51.517305,-0.121394,Camden
WC1V7EW,51.517556,-0.119049,Camden
WC1V7EX,51.517425,-0.118780,Camden
WC1V7EY,51.517765,-0.116388,Camden
WC1V7EZ,51.517777,-0.117054,Camden
WC1V7HD,51.517305,-0.121394,Camden
WC1V7HF,51.517857,-0.115433,Camden
WC1V7HH,51.517815,-0.115608,Camden
WC1V7HJ,51.517857,-0.115433,Camden
WC1V7HP,51.517957,-0.115360,Camden
WC1V7HZ,51.517853,-0.115174,Camden
WC1V7JG,51.517915,-0.114973,Camden
WC1V7JH,51.517927,-0.114724,Camden
WC1V7JS,51.518064,-0.114329,Camden
WC1V7JU,51.517665,-0.115773,Camden
WC1V7JY,51.518065,-0.114344,Camden
WC1V7JZ,51.518065,-0.114344,Camden
WC1V7LL,51.518061,-0.114128,Camden
WC1V7LU,51.518113,-0.113981,Camden
WC1V7QX,51.516327,-0.123769,Camden
WC1V7RL,51.516327,-0.123769,Camden
WC1X0AE,51.523428,-0.112179,Camden
WC1X0AG,51.522579,-0.112701,Camden
WC1X0AH,51.523106,-0.112478,Camden
WC1X0AL,51.522011,-0.113002,Camden
WC1X0AN,51.522473,-0.113242,Camden
WC1X0AU,51.522711,-0.113647,Camden
WC1X0AY,51.523237,-0.112198,Camden
WC1X0AZ,51.522737,-0.113531,Camden
WC1X0BA,51.522796,-0.113283,Camden
WC1X0BD,51.522848,-0.113195,Camden
WC1X0BF,51.524438,-0.114069,Camden
WC1X0BG,51.522702,-0.113056,Camden
WC1X0BH,51.522467,-0.113542,Camden
WC1X0BJ,51.523010,-0.113595,Camden
WC1X0BL,51.522608,-0.113896,Camden
WC1X0BP,51.523825,-0.112855,Camden
WC1X0BQ,51.522799,-0.114076,Camden
WC1X0BU,51.523437,-0.112784,Camden
WC1X0BW,51.523701,-0.113537,Camden
WC1X0BZ,51.524934,-0.115429,Camden
WC1X0DA,51.524762,-0.114056,Camden
WC1X0DE,51.525138,-0.115078,Camden
WC1X0DF,51.524762,-0.114056,Camden
WC1X0DL,51.524352,-0.113727,Camden
WC1X0HA,51.525038,-0.115757,Camden
WC1X0HB,51.525423,-0.115092,Camden
WC1X0HD,51.525827,-0.115551,Camden
WC1X0HE,51.524933,-0.115919,Camden
WC1X0HF,51.525933,-0.114927,Camden
WC1X0HG,51.525914,-0.114250,Camden
WC1X0HH,51.526035,-0.113985,Camden
WC1X0JP,51.524729,-0.115510,Camden
WC1X0JS,51.524433,-0.115439,Camden
WC1X0JX,51.525202,-0.114769,Camden
WC1X0JZ,51.525027,-0.114503,Camden
WC1X0LA,51.525549,-0.114510,Camden
WC1X0LB,51.526617,-0.115475,Camden
WC1X0LG,51.526269,-0.114538,Camden
WC1X0LJ,51.526596,-0.114741,Camden
WC1X0LN,51.526617,-0.115475,Camden
WC1X0LQ,51.526891,-0.114642,Camden
WC1X0LR,51.527033,-0.115631,Camden
WC1X0LS,51.527795,-0.116061,Camden
WC1X0LT,51.527415,-0.117057,Camden
WC1X0LX,51.527508,-0.117803,Camden
WC1X0LZ,51.527824,-0.117299,Camden
WC1X0NB,51.527745,-0.117995,Camden
WC1X0ND,51.528157,-0.117329,Camden
WC1X0NF,51.527961,-0.116861,Camden
WC1X0NG,51.528201,-0.115961,Camden
WC1X0PA,51.526875,-0.116445,Camden
WC1X0PB,51.527114,-0.116781,Camden
WC1X0PE,51.526905,-0.116054,Camden
WC1X0PF,51.527286,-0.116298,Camden
WC1X0PG,51.527744,-0.116813,Camden
WC1X0PQ,51.527719,-0.116900,Camden
WC1X8AA,51.520988,-0.112724,Camden
WC1X8AD,51.521072,-0.112767,Camden
WC1X8AJ,51.521197,-0.112830,Camden
WC1X8AL,51.521270,-0.112899,Camden
WC1X8AP,51.521888,-0.113912,Camden
WC1X8AS,51.521716,-0.113241,Camden
WC1X8AX,51.521899,-0.113338,Camden
WC1X8AZ,51.521862,-0.113253,Camden
WC1X8BA,51.522079,-0.113486,Camden
WC1X8BB,51.530596,-0.121225,Camden
WC1X8BD,51.529404,-0.120899,Camden
WC1X8BE,51.530341,-0.120584,Camden
WC1X8BG,51.529622,-0.119953,Camden
WC1X8BH,51.530245,-0.120256,Camden
WC1X8BP,51.529831,-0.120060,Camden
WC1X8BS,51.518427,-0.112703,Camden
WC1X8BU,51.528946,-0.119387,Camden
WC1X8BX,51.529766,-0.120088,Camden
WC1X8BZ,51.529205,-0.119163,Camden
WC1X8DP,51.528579,-0.118984,Camden
WC1X8DU,51.528168,-0.118540,Camden
WC1X8DX,51.527934,-0.118549,Camden
WC1X8EB,51.527517,-0.118350,Camden
WC1X8ED,51.522245,-0.113569,Camden
WC1X8EE,51.529264,-0.119619,Camden
WC1X8EH,51.522389,-0.113718,Camden
WC1X8EJ,51.522498,-0.113814,Camden
WC1X8EL,51.522608,-0.113896,Camden
WC1X8ER,51.522799,-0.114076,Camden
WC1X8ES,51.522800,-0.114090,Camden
WC1X8EW,51.522944,-0.114156,Camden
WC1X8HB,51.523730,-0.114790,Camden
WC1X8HF,51.523439,-0.114136,Camden
WC1X8HG,51.518574,-0.111198,Camden
WC1X8HN,51.518925,-0.111382,Camden
WC1X8HR,51.519244,-0.111643,Camden
WC1X8JP,51.519479,-0.111691,Camden
WC1X8JR,51.524673,-0.115988,Camden
WC1X8JT,51.525260,-0.116699,Camden
WC1X8JX,51.525522,-0.116731,Camden
WC1X8JY,51.525522,-0.116731,Camden
WC1X8JZ,51.525522,-0.116731,Camden
WC1X8LH,51.525834,-0.117010,Camden
WC1X8LP,51.519671,-0.111884,Camden
WC1X8LR,51.519579,-0.111773,Camden
WC1X8LS,51.519879,-0.111977,Camden
WC1X8LT,51.519963,-0.112048,Camden
WC1X8LU,51.520152,-0.112069,Camden
WC1X8LZ,51.520315,-0.111699,Camden
WC1X8NH,51.520872,-0.112645,Camden
WC1X8NL,51.520616,-0.118087,Camden
WC1X8NW,51.521006,-0.116082,Camden
WC1X8NX,51.521183,-0.115354,Camden
WC1X8PA,51.521180,-0.115728,Camden
WC1X8PF,51.521377,-0.114426,Camden
WC1X8PG,51.521616,-0.113750,Camden
WC1X8PH,51.518664,-0.111785,Camden
WC1X8PL,51.521419,-0.114251,Camden
WC1X8PN,51.521519,-0.113884,Camden
WC1X8PP,51.522043,-0.114049,Camden
WC1X8PQ,51.521680,-0.113791,Camden
WC1X8PS,51.521834,-0.113885,Camden
WC1X8PX,51.530348,-0.121593,Camden
WC1X8QB,51.529222,-0.120244,Camden
WC1X8QD,51.529523,-0.120462,Camden
WC1X8QF,51.529485,-0.120475,Camden
WC1X8QH,51.529612,-0.120556,Camden
WC1X8QJ,51.529648,-0.120583,Camden
WC1X8QL,51.529731,-0.120681,Camden
WC1X8QP,51.529858,-0.120791,Camden
WC1X8QR,51.529858,-0.120791,Camden
WC1X8QS,51.529985,-0.120872,Camden
WC1X8QT,51.528865,-0.119996,Camden
WC1X8QY,51.528491,-0.119665,Camden
WC1X8QZ,51.528547,-0.119764,Camden
WC1X8RA,51.526904,-0.118793,Camden
WC1X8RB,51.528180,-0.119332,Camden
WC1X8RH,51.527665,-0.119010,Camden
WC1X8RX,51.520026,-0.120043,Camden
WC1X8SF,51.520793,-0.116825,Camden
WC1X8SH,51.520716,-0.115921,Camden
WC1X8SL,51.520359,-0.117218,Camden
WC1X8SP,51.520045,-0.118258,Camden
WC1X8TA,51.519658,-0.119510,Camden
WC1X8TL,51.522452,-0.114278,Camden
WC1X8TN,51.519664,-0.120447,Camden
WC1X8TP,51.522682,-0.114473,Camden
WC1X8TQ,51.523702,-0.115408,Camden
WC1X8TR,51.522643,-0.114443,Camden
WC1X8TS,51.522736,-0.114485,Camden
WC1X8TT,51.522845,-0.114538,Camden
WC1X8TU,51.524144,-0.115926,Camden
WC1X8TX,51.523210,-0.114982,Camden
WC1X8TY,51.523373,-0.115090,Camden
WC1X8TZ,51.523528,-0.115228,Camden
WC1X8UB,51.524701,-0.116607,Camden
WC1X8UE,51.525050,-0.117039,Camden
WC1X8UL,51.526282,-0.118015,Camden
WC1X8UW,51.526645,-0.118372,Camden
WC1X8WB,51.520374,-0.119279,Camden
WC1X8XG,51.525262,-0.116673,Camden
WC1X8XZ,51.523439,-0.114136,Camden
WC1X9AH,51.529656,-0.118683,Camden
WC1X9AQ,51.529456,-0.118576,Camden
WC1X9AY,51.529456,-0.118576,Camden
WC1X9BB,51.529456,-0.118576,Camden
WC1X9BJ,51.529587,-0.116076,Camden
WC1X9BN,51.529958,-0.116909,Camden
WC1X9BP,51.530056,-0.117395,Camden
WC1X9BS,51.529988,-0.117643,Camden
WC1X9BZ,51.530450,-0.118445,Camden
WC1X9DA,51.530545,-0.118759,Camden
WC1X9DB,51.530648,-0.118985,Camden
WC1X9DG,51.530331,-0.118854,Camden
WC1X9DN,51.530733,-0.119691,Camden
WC1X9HH,51.530626,-0.119710,Camden
WC1X9HJ,51.530303,-0.118798,Camden
WC1X9HL,51.530196,-0.119436,Camden
WC1X9HR,51.529898,-0.119362,Camden
WC1X9HS,51.530455,-0.118171,Camden
WC1X9HT,51.530343,-0.118522,Camden
WC1X9HX,51.526382,-0.113740,Camden
WC1X9HY,51.530250,-0.118295,Camden
WC1X9HZ,51.530361,-0.117916,Camden
WC1X9JD,51.530102,-0.118027,Camden
WC1X9JE,51.530274,-0.117374,Camden
WC1X9JF,51.529874,-0.118818,Camden
WC1X9JG,51.529778,-0.119151,Camden
WC1X9JH,51.529813,-0.119640,Camden
WC1X9JL,51.529834,-0.116481,Camden
WC1X9JN,51.529454,-0.118602,Camden
WC1X9JS,51.529903,-0.117851,Camden
WC1X9JT,51.530079,-0.117163,Camden
WC1X9JX,51.529587,-0.116751,Camden
WC1X9JY,51.529815,-0.119614,Camden
WC1X9LE,51.529747,-0.117191,Camden
WC1X9LF,51.529708,-0.117005,Camden
WC1X9LG,51.529766,-0.116700,Camden
WC1X9LJ,51.529863,-0.116610,Camden
WC1X9LN,51.527331,-0.115172,Camden
WC1X9LP,51.528141,-0.115787,Camden
WC1X9LQ,51.527629,-0.115624,Camden
WC1X9LR,51.528621,-0.115955,Camden
WC1X9LS,51.527809,-0.115786,Camden
WC1X9LT,51.528686,-0.116082,Camden
WC1X9LW,51.527369,-0.115314,Camden
WC1X9LX,51.528518,-0.116867,Camden
WC1X9LZ,51.528327,-0.117812,Camden
WC1X9NA,51.528946,-0.116071,Camden
WC1X9NB,51.528530,-0.118179,Camden
WC1X9ND,51.528781,-0.117000,Camden
WC1X9NE,51.528730,-0.117176,Camden
WC1X9NF,51.528715,-0.117320,Camden
WC1X9NG,51.528961,-0.116445,Camden
WC1X9NH,51.529116,-0.115992,Camden
WC1X9NL,51.529115,-0.116525,Camden
WC1X9NP,51.528932,-0.117441,Camden
WC1X9NT,51.528818,-0.118011,Camden
WC1X9NW,51.528957,-0.117325,Camden
WC1X9NX,51.529390,-0.116647,Camden
WC2A1AA,51.517941,-0.113959,Camden
WC2A1AE,51.516020,-0.112453,Camden
WC2A1DD,51.515873,-0.112243,Camden
WC2A1DL,51.515942,-0.112096,Camden
WC2A1DT,51.515365,-0.111990,Camden
WC2A1DU,51.515447,-0.112059,Camden
WC2A1EG,51.515734,-0.112454,Camden
WC2A1ET,51.515691,-0.112150,Camden
WC2A1EU,51.515619,-0.112139,Camden
WC2A2JB,51.515093,-0.112996,Camden
WC2A2JD,51.515226,-0.112847,Camden
WC2A2JF,51.515161,-0.112720,Camden
WC2A2JL,51.515680,-0.112413,Camden
WC2A3AA,51.516826,-0.118416,Camden
WC2A3AB,51.517613,-0.115876,Camden
WC2A3BP,51.516954,-0.117978,Camden
WC2A3ED,51.517218,-0.116962,Camden
WC2A3EG,51.517380,-0.115816,Camden
WC2A3HP,51.517041,-0.118800,Camden
WC2A3JA,51.516772,-0.118952,Camden
WC2A3JB,51.516663,-0.118898,Camden
WC2A3JH,51.516818,-0.119007,Camden
WC2A3JW,51.516131,-0.118707,Camden
WC2A3JX,51.516249,-0.118731,Camden
WC2A3LH,51.516294,-0.118856,Camden
WC2A3LJ,51.515584,-0.118240,Camden
WC2A3LN,51.515584,-0.118240,Camden
WC2A3NN,51.517340,-0.113465,Camden
WC2A3PD,51.517597,-0.115444,Camden
WC2A3PZ,51.515900,-0.114505,Camden
WC2A3QA,51.515863,-0.114449,Camden
WC2A3QB,51.515754,-0.114381,Camden
WC2A3QG,51.515590,-0.114273,Camden
WC2A3QH,51.515390,-0.114137,Camden
WC2A3QN,51.515390,-0.114137,Camden
WC2A3QP,51.515200,-0.114029,Camden
WC2A3QQ,51.515370,-0.112729,Camden
WC2A3QS,51.515050,-0.113549,Camden
WC2A3RH,51.517732,-0.114343,Camden
WC2A3RJ,51.515135,-0.113199,Camden
WC2A3RS,51.515268,-0.112686,Camden
WC2A3SA,51.515650,-0.112959,Camden
WC2A3SB,51.515952,-0.112730,Camden
WC2A3SH,51.515857,-0.112838,Camden
WC2A3SP,51.516669,-0.113666,Camden
WC2A3SR,51.516669,-0.113666,Camden
WC2A3SU,51.516670,-0.113640,Camden
WC2A3SW,51.516041,-0.113231,Camden
WC2A3SZ,51.517014,-0.113897,Camden
WC2A3TA,51.517205,-0.113316,Camden
WC2A3TD,51.517506,-0.113577,Camden
WC2A3TG,51.517722,-0.113724,Camden
WC2A3TH,51.517732,-0.114343,Camden
WC2A3TL,51.516762,-0.114441,Camden
WC2A3TN,51.516430,-0.114483,Camden
WC2A3TP,51.515909,-0.114505,Camden
WC2A3TS,51.517012,-0.113220,Camden
WC2A3TX,51.517012,-0.113205,Camden
WC2A3UA,51.516855,-0.112840,Camden
WC2A3UE,51.516863,-0.112851,Camden
WC2A3UJ,51.515952,-0.112730,Camden
WC2A3UP,51.516073,-0.112829,Camden
WC2A3UT,51.516470,-0.112478,Camden
WC2A3XB,51.517828,-0.114025,Camden
WC2A3XL,51.517596,-0.114262,Camden
WC2A3XT,51.517286,-0.114044,Camden
WC2B4AU,51.515863,-0.119900,Camden
WC2B4BA,51.514856,-0.120068,Camden
WC2B5AA,51.515139,-0.121876,Camden
WC2B5AB,51.515432,-0.122786,Camden
WC2B5AD,51.514926,-0.122170,Camden
WC2B5AE,51.515412,-0.121533,Camden
WC2B5AF,51.515431,-0.122812,Camden
WC2B5AH,51.515942,-0.120892,Camden
WC2B5AN,51.515892,-0.121730,Camden
WC2B5AP,51.515668,-0.122315,Camden
WC2B5AY,51.516095,-0.119959,Camden
WC2B5AZ,51.515161,-0.121137,Camden
WC2B5BB,51.515552,-0.121409,Camden
WC2B5BD,51.515782,-0.121154,Camden
WC2B5BH,51.515675,-0.121119,Camden
WC2B5BL,51.515660,-0.121390,Camden
WC2B5BX,51.515842,-0.120261,Camden
WC2B5BZ,51.515568,-0.120702,Camden
WC2B5DA,51.515491,-0.120276,Camden
WC2B5DG,51.515959,-0.120862,Camden
WC2B5DH,51.516183,-0.120345,Camden
WC2B5DJ,51.516341,-0.120151,Camden
WC2B5EF,51.516426,-0.121405,Camden
WC2B5EG,51.516754,-0.121763,Camden
WC2B5EL,51.517154,-0.121501,Camden
WC2B5EN,51.517058,-0.121116,Camden
WC2B5EP,51.516740,-0.120899,Camden
WC2B5ER,51.516919,-0.121269,Camden
WC2B5ES,51.516537,-0.121123,Camden
WC2B5LB,51.516082,-0.123607,Camden
WC2B5LE,51.516761,-0.122224,Camden
WC2B5LF,51.516082,-0.123607,Camden
WC2B5LL,51.516610,-0.122345,Camden
WC2B5LQ,51.515900,-0.123455,Camden
WC2B5LR,51.516434,-0.122583,Camden
WC2B5LT,51.516625,-0.122691,Camden
WC2B5LW,51.516348,-0.122676,Camden
WC2B5LX,51.516486,-0.121918,Camden
WC2B5NA,51.516189,-0.121858,Camden
WC2B5NB,51.515953,-0.122271,Camden
WC2B5ND,51.515430,-0.122797,Camden
WC2B5NE,51.515858,-0.123097,Camden
WC2B5NF,51.515750,-0.122510,Camden
WC2B5NG,51.516031,-0.122560,Camden
WC2B5NH,51.515918,-0.122936,Camden
WC2B5NJ,51.516234,-0.122462,Camden
WC2B5NN,51.516269,-0.122276,Camden
WC2B5NR,51.516137,-0.122567,Camden
WC2B5NT,51.515564,-0.122158,Camden
WC2B5PD,51.515430,-0.122797,Camden
WC2B5PF,51.515169,-0.122638,Camden
WC2B5PG,51.515430,-0.122797,Camden
WC2B5PH,51.515487,-0.121717,Camden
WC2B5PN,51.515013,-0.122443,Camden
WC2B5PP,51.515900,-0.123455,Camden
WC2B5PQ,51.515812,-0.121340,Camden
WC2B5PR,51.516082,-0.123607,Camden
WC2B5PS,51.516548,-0.120549,Camden
WC2B5PT,51.516679,-0.120454,Camden
WC2B5PZ,51.516318,-0.120397,Camden
WC2B5QA,51.515430,-0.122797,Camden
WC2B5QD,51.516123,-0.123922,Camden
WC2B5QF,51.515701,-0.123377,Camden
WC2B5QG,51.514948,-0.122302,Camden
WC2B5QR,51.515431,-0.122812,Camden
WC2B5RB,51.515645,-0.123812,Camden
WC2B5RE,51.515660,-0.124244,Camden
WC2B5RG,51.515647,-0.121174,Camden
WC2B5RH,51.515097,-0.123218,Camden
WC2B5SZ,51.515750,-0.122510,Camden
WC2B6AA,51.517229,-0.119873,Camden
WC2B6AE,51.517092,-0.119832,Camden
WC2B6AF,51.517475,-0.120064,Camden
WC2B6AG,51.517065,-0.119833,Camden
WC2B6AH,51.517041,-0.119474,Camden
WC2B6AQ,51.517137,-0.119859,Camden
WC2B6DS,51.516672,-0.118898,Camden
WC2B6DX,51.516374,-0.119288,Camden
WC2B6EL,51.516109,-0.119123,Camden
WC2B6EP,51.516211,-0.119194,Camden
WC2B6EX,51.515815,-0.118746,Camden
WC2B6EY,51.516035,-0.119025,Camden
WC2B6JR,51.515483,-0.118648,Camden
WC2B6NH,51.516961,-0.120561,Camden
WC2B6PA,51.516857,-0.120361,Camden
WC2B6PN,51.516703,-0.120252,Camden
WC2B6PP,51.516775,-0.120277,Camden
WC2B6QU,51.516386,-0.120120,Camden
WC2B6QX,51.516411,-0.120019,Camden
WC2B6QY,51.516386,-0.120120,Camden
WC2B6SE,51.516960,-0.120587,Camden
WC2B6SR,51.515858,-0.119598,Camden
WC2B6ST,51.515694,-0.119601,Camden
WC2B6TD,51.515613,-0.119478,Camden
WC2B6TE,51.514967,-0.119098,Camden
WC2H0JA,51.513735,-0.129237,Camden
WC2H0JB,51.513816,-0.129277,Camden
WC2H0JE,51.513779,-0.129163,Camden
WC2H0JG,51.514231,-0.129192,Camden
WC2H0JH,51.514206,-0.129434,Camden
WC2H0JN,51.514377,-0.129485,Camden
WC2H0JP,51.514523,-0.129580,Camden
WC2H0JR,51.514703,-0.129489,Camden
WC2H0LA,51.515309,-0.129850,Camden
WC2H8AA,51.513589,-0.129114,Camden
WC2H8AB,51.515777,-0.128188,Camden
WC2H8AD,51.513946,-0.128800,Camden
WC2H8AF,51.513625,-0.129000,Camden
WC2H8AG,51.515883,-0.126803,Camden
WC2H8AH,51.514322,-0.128262,Camden
WC2H8AJ,51.515835,-0.128387,Camden
WC2H8AL,51.514524,-0.127994,Camden
WC2H8AN,51.514868,-0.127562,Camden
WC2H8AP,51.516136,-0.129099,Camden
WC2H8BS,51.514638,-0.128941,Camden
WC2H8BU,51.514479,-0.129091,Camden
WC2H8DA,51.515427,-0.127640,Camden
WC2H8DE,51.514671,-0.128176,Camden
WC2H8DF,51.514671,-0.128176,Camden
WC2H8DG,51.514638,-0.128941,Camden
WC2H8DH,51.515049,-0.128737,Camden
WC2H8DJ,51.515089,-0.128897,Camden
WC2H8DL,51.514861,-0.129238,Camden
WC2H8DN,51.514877,-0.127547,Camden
WC2H8DP,51.516275,-0.126121,Camden
WC2H8DR,51.516274,-0.125530,Camden
WC2H8DS,51.514524,-0.127994,Camden
WC2H8DW,51.516641,-0.125807,Camden
WC2H8DX,51.516658,-0.125918,Camden
WC2H8DY,51.516389,-0.125914,Camden
WC2H8EB,51.516464,-0.126001,Camden
WC2H8ED,51.516404,-0.125629,Camden
WC2H8EE,51.516249,-0.126756,Camden
WC2H8EG,51.516775,-0.125870,Camden
WC2H8EH,51.516888,-0.126240,Camden
WC2H8EJ,51.516122,-0.126704,Camden
WC2H8EL,51.516194,-0.126701,Camden
WC2H8EP,51.516468,-0.126794,Camden
WC2H8HJ,51.513394,-0.128718,Camden
WC2H8HL,51.513808,-0.128211,Camden
WC2H8HQ,51.516302,-0.126105,Camden
WC2H8HR,51.513887,-0.128078,Camden
WC2H8JA,51.513701,-0.128273,Camden
WC2H8JB,51.514770,-0.127033,Camden
WC2H8JF,51.515331,-0.126567,Camden
WC2H8JL,51.515392,-0.126575,Camden
WC2H8JR,51.515223,-0.127288,Camden
WC2H8LA,51.515989,-0.127260,Camden
WC2H8LE,51.515473,-0.127710,Camden
WC2H8LG,51.515362,-0.128540,Camden
WC2H8LH,51.515761,-0.129287,Camden
WC2H8LP,51.515291,-0.129163,Camden
WC2H8LQ,51.515998,-0.128917,Camden
WC2H8LS,51.515064,-0.129575,Camden
WC2H8LW,51.515835,-0.128852,Camden
WC2H8LX,51.515222,-0.129309,Camden
WC2H8LZ,51.515176,-0.129394,Camden
WC2H8NE,51.515246,-0.129726,Camden
WC2H8NH,51.515465,-0.129455,Camden
WC2H8NJ,51.515576,-0.129119,Camden
WC2H8NU,51.516079,-0.127368,Camden
WC2H8PW,51.513868,-0.129160,Camden
WC2H9AA,51.515564,-0.123689,Camden
WC2H9AB,51.514561,-0.125197,Camden
WC2H9AG,51.515662,-0.125876,Camden
WC2H9AH,51.515472,-0.123577,Camden
WC2H9AJ,51.515048,-0.125728,Camden
WC2H9AN,51.515031,-0.124269,Camden
WC2H9AP,51.514744,-0.125434,Camden
WC2H9AR,51.514650,-0.125755,Camden
WC2H9AS,51.514368,-0.126113,Camden
WC2H9AT,51.514133,-0.126569,Camden
WC2H9AU,51.513951,-0.126335,Camden
WC2H9AW,51.514319,-0.126262,Camden
WC2H9AX,51.514413,-0.125549,Camden
WC2H9AY,51.514342,-0.125004,Camden
WC2H9AZ,51.514090,-0.126574,Camden
WC2H9BA,51.514511,-0.124911,Camden
WC2H9BB,51.514428,-0.124237,Camden
WC2H9BD,51.514567,-0.124350,Camden
WC2H9BE,51.513958,-0.126346,Camden
WC2H9BF,51.514561,-0.125197,Camden
WC2H9BH,51.515107,-0.123373,Camden
WC2H9BJ,51.514355,-0.124589,Camden
WC2H9BN,51.514517,-0.125706,Camden
WC2H9BP,51.514923,-0.123654,Camden
WC2H9BQ,51.514600,-0.124302,Camden
WC2H9BT,51.514767,-0.124021,Camden
WC2H9BU,51.515073,-0.124037,Camden
WC2H9BX,51.515020,-0.124111,Camden
WC2H9DA,51.514882,-0.126711,Camden
WC2H9DD,51.514309,-0.126753,Camden
WC2H9DG,51.513377,-0.126949,Camden
WC2H9DL,51.512880,-0.127417,Camden
WC2H9DN,51.515506,-0.126412,Camden
WC2H9DP,51.514530,-0.126556,Camden
WC2H9DX,51.515247,-0.126411,Camden
WC2H9DY,51.515305,-0.126204,Camden
WC2H9DZ,51.515215,-0.126081,Camden
WC2H9EB,51.514474,-0.124854,Camden
WC2H9EE,51.514566,-0.124980,Camden
WC2H9EG,51.512790,-0.127406,Camden
WC2H9EP,51.513301,-0.127270,Camden
WC2H9ER,51.514515,-0.126308,Camden
WC2H9EU,51.514361,-0.126776,Camden
WC2H9EW,51.513985,-0.126878,Camden
WC2H9EY,51.513412,-0.126919,Camden
WC2H9FD,51.514897,-0.123615,Camden
WC2H9FE,51.514924,-0.123629,Camden
WC2H9FF,51.514924,-0.123629,Camden
WC2H9FG,51.514924,-0.123629,Camden
WC2H9FH,51.514924,-0.123629,Camden
WC2H9HA,51.513613,-0.127253,Camden
WC2H9HB,51.514432,-0.127137,Camden
WC2H9HD,51.514223,-0.127156,Camden
WC2H9HE,51.514624,-0.123958,Camden
WC2H9HG,51.514215,-0.124825,Camden
WC2H9HJ,51.514237,-0.124493,Camden
WC2H9HN,51.514082,-0.124946,Camden
WC2H9HQ,51.514742,-0.124631,Camden
WC2H9HU,51.513510,-0.126407,Camden
WC2H9HW,51.513553,-0.126193,Camden
WC2H9JN,51.513149,-0.126800,Camden
WC2H9JQ,51.514897,-0.123615,Camden
WC2H9JU,51.514508,-0.124147,Camden
WC2H9LA,51.513744,-0.125724,Camden
WC2H9LD,51.513921,-0.126120,Camden
WC2H9LE,51.513210,-0.127313,Camden
WC2H9LF,51.514546,-0.127085,Camden
WC2H9LG,51.513550,-0.127692,Camden
WC2H9LH,51.513714,-0.126212,Camden
WC2H9LJ,51.513823,-0.125620,Camden
WC2H9LL,51.513749,-0.127896,Camden
WC2H9LN,51.513582,-0.127417,Camden
WC2H9LS,51.513958,-0.126346,Camden
WC2H9LT,51.513960,-0.126320,Camden
WC2H9LX,51.514057,-0.125736,Camden
WC2H9NA,51.513233,-0.128235,Camden
WC2H9NB,51.513338,-0.128591,Camden
WC2H9ND,51.512996,-0.128014,Camden
WC2H9NG,51.512755,-0.127562,Camden
WC2H9NP,51.513285,-0.128103,Camden
WC2H9NS,51.513142,-0.127449,Camden
WC2H9NU,51.513329,-0.127369,Camden
WC2H9NZ,51.512837,-0.127660,Camden
WC2H9PA,51.514753,-0.126010,Camden
WC2H9PE,51.514818,-0.126123,Camden
WC2H9PJ,51.514653,-0.126349,Camden
WC2H9PL,51.515031,-0.126348,Camden
WC2H9PP,51.514742,-0.126429,Camden
WC2H9PQ,51.514605,-0.126290,Camden
WC2H9PR,51.514184,-0.125677,Camden
WC2H9PS,51.514301,-0.125265,Camden
WC2H9PX,51.514553,-0.125172,Camden
WC2H9PZ,51.514532,-0.126207,Camden
WC2H9QF,51.514459,-0.126055,Camden
WC2H9QG,51.514402,-0.125967,Camden
WC2H9QQ,51.514112,-0.125161,Camden
WC2H9QR,51.513361,-0.126644,Camden
WC2H9QS,51.513840,-0.127374,Camden
WC2H9QW,51.514048,-0.125077,Camden
WC2H9RA,51.515268,-0.125600,Camden
WC2H9RB,51.515268,-0.125600,Camden
WC2H9RD,51.515268,-0.125600,Camden
WC2H9RE,51.514963,-0.125051,Camden
WC2H9RF,51.515443,-0.124714,Camden
WC2H9RG,51.515111,-0.124742,Camden
WC2H9RH,51.515443,-0.124714,Camden
WC2H9RJ,51.515443,-0.124714,Camden
WC2H9RQ,51.515443,-0.124714,Camden
WC2H9RY,51.513361,-0.128330,Camden
WC2H9RZ,51.513361,-0.128330,Camden
WC2H9TP,51.515046,-0.125753,Camden
WC2H9UA,51.515423,-0.126271,Camden
WC2H9US,51.513958,-0.126346,Camden
WC1A1YT,51.524565,-0.112042,Islington
WC1A9AL,51.524565,-0.112042,Islington
WC1A9AN,51.524565,-0.112042,Islington
WC1A9AU,51.524567,-0.112017,Islington
WC1A9BE,51.524565,-0.112042,Islington
WC1A9BF,51.524565,-0.112042,Islington
WC1A9FB,51.524565,-0.112042,Islington
WC1A9FD,51.524567,-0.112017,Islington
WC1A9GL,51.524567,-0.112017,Islington
WC1A9HD,51.524567,-0.112017,Islington
WC1A9HJ,51.524567,-0.112017,Islington
WC1A9HU,51.524565,-0.112042,Islington
WC1A9HZ,51.524565,-0.112042,Islington
WC1A9JA,51.524565,-0.112042,Islington
WC1A9JE,51.524565,-0.112042,Islington
WC1A9JH,51.524565,-0.112042,Islington
WC1A9LA,51.524567,-0.112017,Islington
WC1A9LB,51.524565,-0.112042,Islington
WC1A9LR,51.524565,-0.112042,Islington
WC1A9LZ,51.524567,-0.112017,Islington
WC1A9NE,51.524567,-0.112017,Islington
WC1A9NL,51.524567,-0.112017,Islington
WC1A9NN,51.524567,-0.112017,Islington
WC1A9NR,51.524567,-0.112017,Islington
WC1A9NT,51.524567,-0.112017,Islington
WC1A9NY,51.524567,-0.112017,Islington
WC1A9NZ,51.524567,-0.112017,Islington
WC1A9PA,51.524567,-0.112017,Islington
WC1A9PG,51.524567,-0.112017,Islington
WC1A9PU,51.524567,-0.112017,Islington
WC1A9QD,51.524567,-0.112017,Islington
WC1A9QE,51.524567,-0.112017,Islington
WC1A9QL,51.524567,-0.112017,Islington
WC1A9QN,51.524567,-0.112017,Islington
WC1A9QQ,51.524567,-0.112017,Islington
WC1A9QW,51.524567,-0.112017,Islington
WC1A9QZ,51.524567,-0.112017,Islington
WC1A9RA,51.524567,-0.112017,Islington
WC1A9RB,51.524567,-0.112017,Islington
WC1A9RD,51.524567,-0.112017,Islington
WC1A9RG,51.524567,-0.112017,Islington
WC1A9RH,51.524567,-0.112017,Islington
WC1A9RJ,51.524567,-0.112017,Islington
WC1A9RN,51.524567,-0.112017,Islington
WC1A9RP,51.524567,-0.112017,Islington
WC1A9RX,51.524567,-0.112017,Islington
WC1A9RZ,51.524567,-0.112017,Islington
WC1A9SA,51.524567,-0.112017,Islington
WC1A9SF,51.524567,-0.112017,Islington
WC1A9SG,51.524567,-0.112017,Islington
WC1A9SJ,51.524567,-0.112017,Islington
WC1A9SN,51.524567,-0.112017,Islington
WC1A9SQ,51.524567,-0.112017,Islington
WC1A9SR,51.524567,-0.112017,Islington
WC1A9SU,51.524567,-0.112017,Islington
WC1A9SW,51.524567,-0.112017,Islington
WC1A9SY,51.524567,-0.112017,Islington
WC1A9SZ,51.524567,-0.112017,Islington
WC1A9TA,51.524567,-0.112017,Islington
WC1A9TB,51.524567,-0.112017,Islington
WC1B3DY,51.524565,-0.112042,Islington
WC1B3JY,51.524565,-0.112042,Islington
WC1B3LW,51.524567,-0.112017,Islington
WC1B3PR,51.524565,-0.112042,Islington
WC1B3WE,51.524565,-0.112042,Islington
WC1B4EE,51.524565,-0.112042,Islington
WC1H0QZ,51.524565,-0.112042,Islington
WC1H0XB,51.524565,-0.112042,Islington
WC1H9TE,51.524565,-0.112042,Islington
WC1H9TG,51.524565,-0.112042,Islington
WC1H9WH,51.524565,-0.112042,Islington
WC1H9WP,51.524565,-0.112042,Islington
WC1H9XA,51.524565,-0.112042,Islington
WC1N2WB,51.524565,-0.112042,Islington
WC1N2WS,51.524565,-0.112042,Islington
WC1N3WA,51.524565,-0.112042,Islington
WC1N3XX,51.524565,-0.112042,Islington
WC1V7BX,51.524565,-0.112042,Islington
WC1V7PS,51.524565,-0.112042,Islington
WC1V7WE,51.524565,-0.112042,Islington
WC1X0AA,51.523789,-0.111717,Islington
WC1X0AP,51.524565,-0.112042,Islington
WC1X0AR,51.524211,-0.111293,Islington
WC1X0AS,51.523973,-0.111562,Islington
WC1X0BE,51.525950,-0.110763,Islington
WC1X0DG,51.524503,-0.112088,Islington
WC1X0DS,51.526259,-0.111151,Islington
WC1X0DT,51.526152,-0.111717,Islington
WC1X0DW,51.525819,-0.111154,Islington
WC1X0DX,51.526354,-0.111871,Islington
WC1X0EB,51.526641,-0.111394,Islington
WC1X0ED,51.526678,-0.111436,Islington
WC1X0EG,51.527054,-0.110815,Islington
WC1X0EH,51.527365,-0.110024,Islington
WC1X0EJ,51.527365,-0.110024,Islington
WC1X0ER,51.526909,-0.109624,Islington
WC1X0ES,51.526377,-0.110079,Islington
WC1X0ET,51.526310,-0.110947,Islington
WC1X0EX,51.525978,-0.110441,Islington
WC1X0GB,51.528043,-0.110817,Islington
WC1X0GD,51.528037,-0.110399,Islington
WC1X0HR,51.526740,-0.112500,Islington
WC1X0HS,51.526932,-0.112175,Islington
WC1X0HT,51.527290,-0.112031,Islington
WC1X0HU,51.527289,-0.111440,Islington
WC1X0HX,51.527473,-0.111129,Islington
WC1X0HZ,51.527836,-0.111359,Islington
WC1X0JG,51.527708,-0.110629,Islington
WC1X0JH,51.527167,-0.111113,Islington
WC1X0JJ,51.528017,-0.110173,Islington
WC1X0JL,51.526444,-0.112556,Islington
WC1X0JN,51.528016,-0.110199,Islington
WC1X9AA,51.526932,-0.113285,Islington
WC1X9AB,51.527839,-0.112515,Islington
WC1X9AD,51.528424,-0.112142,Islington
WC1X9AE,51.527123,-0.113436,Islington
WC1X9AF,51.529132,-0.112546,Islington
WC1X9AG,51.528976,-0.112884,Islington
WC1X9AJ,51.528907,-0.111949,Islington
WC1X9AN,51.529307,-0.111673,Islington
WC1X9AP,51.529319,-0.111269,Islington
WC1X9AR,51.528925,-0.110838,Islington
WC1X9AT,51.529037,-0.110531,Islington
WC1X9AW,51.529003,-0.110648,Islington
WC1X9AX,51.530484,-0.114785,Islington
WC1X9AZ,51.528706,-0.110631,Islington
WC1X9BA,51.528409,-0.111206,Islington
WC1X9BD,51.527935,-0.111874,Islington
WC1X9BG,51.527520,-0.112367,Islington
WC1X9BH,51.527031,-0.112719,Islington
WC1X9BL,51.528411,-0.111180,Islington
WC1X9DE,51.530836,-0.118793,Islington
WC1X9DF,51.530659,-0.117990,Islington
WC1X9DH,51.530608,-0.117632,Islington
WC1X9DJ,51.530672,-0.117110,Islington
WC1X9DS,51.530247,-0.116435,Islington
WC1X9DT,51.529550,-0.115570,Islington
WC1X9DU,51.530448,-0.117177,Islington
WC1X9EA,51.530412,-0.115520,Islington
WC1X9EB,51.530623,-0.115644,Islington
WC1X9ED,51.530919,-0.115701,Islington
WC1X9EE,51.529534,-0.114562,Islington
WC1X9EF,51.531028,-0.115206,Islington
WC1X9EG,51.530970,-0.114964,Islington
WC1X9EH,51.531176,-0.113831,Islington
WC1X9EN,51.530746,-0.114497,Islington
WC1X9EP,51.529823,-0.115227,Islington
WC1X9ES,51.528845,-0.114259,Islington
WC1X9ET,51.529168,-0.113640,Islington
WC1X9EU,51.530176,-0.114077,Islington
WC1X9EW,51.530118,-0.114959,Islington
WC1X9EX,51.529565,-0.114834,Islington
WC1X9EZ,51.529746,-0.113789,Islington
WC1X9HA,51.530391,-0.113113,Islington
WC1X9HB,51.530391,-0.113113,Islington
WC1X9HD,51.531066,-0.112382,Islington
WC1X9HE,51.530391,-0.113113,Islington
WC1X9HF,51.530604,-0.111793,Islington
WC1X9HG,51.530181,-0.111796,Islington
WC1X9HW,51.530849,-0.111927,Islington
WC1X9PA,51.527924,-0.114556,Islington
WC1X9PD,51.527321,-0.114004,Islington
WC1X9PF,51.527963,-0.113084,Islington
WC1X9PG,51.528195,-0.113550,Islington
WC1X9PH,51.528166,-0.112845,Islington
WC1X9PJ,51.528416,-0.112734,Islington
WC1X9PN,51.528695,-0.112765,Islington
WC1X9PP,51.528836,-0.112950,Islington
WC1X9PR,51.528759,-0.113383,Islington
WC1X9PT,51.528442,-0.113771,Islington
WC1X9PX,51.528162,-0.114835,Islington
WC1X9QA,51.526731,-0.113625,Islington
WC1X9QE,51.527544,-0.114863,Islington
WC1X9QG,51.528206,-0.115352,Islington
WC1X9QP,51.529304,-0.113173,Islington
WC1X9QQ,51.529197,-0.110971,Islington
WC1X9QR,51.529506,-0.112271,Islington
WC1X9QT,51.529591,-0.111431,Islington
WC1X9QU,51.529774,-0.111063,Islington
WC1X9QW,51.528903,-0.115035,Islington
WC1X9QX,51.530036,-0.111012,Islington
WC1X9QZ,51.529946,-0.111676,Islington
WC1X9RA,51.529845,-0.112141,Islington
WC1X9RD,51.529626,-0.113030,Islington
WC2A3PT,51.524565,-0.112042,Islington
WC2A3WG,51.524565,-0.112042,Islington
WC2B4DE,51.524565,-0.112042,Islington
WC2B4EJ,51.524565,-0.112042,Islington
WC2B5QW,51.524565,-0.112042,Islington
WC2B5UN,51.524565,-0.112042,Islington
WC2H7DD,51.524565,-0.112042,Islington
WC2H8WZ,51.524565,-0.112042,Islington
WC2H8YT,51.524565,-0.112042,Islington
WC2H9BY,51.524565,-0.112042,Islington
WC2H9WQ,51.524565,-0.112042,Islington
WC2N5AF,51.524565,-0.112042,Islington
WC2R0WF,51.524565,-0.112042,Islington
WC2R0WY,51.524565,-0.112042,Islington
WC2R1HS,51.524565,-0.112042,Islington
WC2R1WD,51.524565,-0.112042,Islington
WC2R3XP,51.524565,-0.112042,Islington
WC2A1PL,51.514949,-0.111864,Westminster
WC2A1PP,51.514471,-0.111613,Westminster
WC2A1PU,51.514241,-0.111334,Westminster
WC2A2AB,51.514439,-0.116918,Westminster
WC2A2AD,51.514116,-0.116946,Westminster
WC2A2AE,51.514114,-0.116971,Westminster
WC2A2AP,51.514637,-0.117598,Westminster
WC2A2AQ,51.513658,-0.115996,Westminster
WC2A2AT,51.514982,-0.114863,Westminster
WC2A2AU,51.514982,-0.114863,Westminster
WC2A2AZ,51.513757,-0.115317,Westminster
WC2A2ES,51.515003,-0.117298,Westminster
WC2A2HA,51.514720,-0.117191,Westminster
WC2A2HB,51.514495,-0.117157,Westminster
WC2A2HD,51.514835,-0.115918,Westminster
WC2A2HE,51.514745,-0.116905,Westminster
WC2A2HT,51.514625,-0.118017,Westminster
WC2A2JR,51.514455,-0.111772,Westminster
WC2A2LL,51.513645,-0.113546,Westminster
WC2A3LY,51.515093,-0.116916,Westminster
WC2A3LZ,51.514946,-0.117845,Westminster
WC2A3PE,51.515284,-0.115900,Westminster
WC2A3PF,51.515038,-0.117394,Westminster
WC2A3PH,51.515603,-0.114895,Westminster
WC2A3PP,51.515284,-0.115900,Westminster
WC2A3RD,51.514946,-0.117845,Westminster
WC2B4AA,51.514374,-0.119713,Westminster
WC2B4AB,51.514206,-0.119893,Westminster
WC2B4AE,51.513688,-0.117349,Westminster
WC2B4AF,51.514038,-0.120087,Westminster
WC2B4AG,51.513941,-0.120221,Westminster
WC2B4AH,51.514054,-0.120490,Westminster
WC2B4AN,51.513664,-0.119728,Westminster
WC2B4AQ,51.513239,-0.118492,Westminster
WC2B4AS,51.513717,-0.118461,Westminster
WC2B4AT,51.513523,-0.118797,Westminster
WC2B4AW,51.513923,-0.119660,Westminster
WC2B4AY,51.513659,-0.118892,Westminster
WC2B4AZ,51.513868,-0.118999,Westminster
WC2B4BB,51.513110,-0.118281,Westminster
WC2B4BD,51.514195,-0.120902,Westminster
WC2B4BG,51.512285,-0.117742,Westminster
WC2B4BJ,51.514429,-0.120936,Westminster
WC2B4BQ,51.514289,-0.121158,Westminster
WC2B4BS,51.514527,-0.120298,Westminster
WC2B4BW,51.514577,-0.120613,Westminster
WC2B4BX,51.514486,-0.119983,Westminster
WC2B4BZ,51.511923,-0.119411,Westminster
WC2B4DD,51.512642,-0.119381,Westminster
WC2B4DF,51.513075,-0.118888,Westminster
WC2B4DG,51.512497,-0.119174,Westminster
WC2B4DN,51.512907,-0.119082,Westminster
WC2B4DR,51.512642,-0.119381,Westminster
WC2B4DS,51.513601,-0.116964,Westminster
WC2B4HN,51.513658,-0.115996,Westminster
WC2B4JF,51.513413,-0.115328,Westminster
WC2B4JN,51.513413,-0.115328,Westminster
WC2B4LA,51.512916,-0.115695,Westminster
WC2B4LD,51.512499,-0.119459,Westminster
WC2B4LG,51.512916,-0.115695,Westminster
WC2B4LL,51.512926,-0.116372,Westminster
WC2B4LU,51.512916,-0.115695,Westminster
WC2B4NA,51.512553,-0.118333,Westminster
WC2B4PJ,51.512283,-0.117767,Westminster
WC2B4RD,51.492692,-0.142160,Westminster
WC2B4RL,51.514707,-0.121443,Westminster
WC2B4RR,51.513550,-0.116533,Westminster
WC2B4TS,51.514365,-0.119137,Westminster
WC2B5AJ,51.514294,-0.121896,Westminster
WC2B5EU,51.513802,-0.121596,Westminster
WC2B5EX,51.513696,-0.121182,Westminster
WC2B5EZ,51.513352,-0.121024,Westminster
WC2B5HA,51.513596,-0.120524,Westminster
WC2B5HF,51.512878,-0.121061,Westminster
WC2B5HH,51.513248,-0.120740,Westminster
WC2B5HP,51.512493,-0.121895,Westminster
WC2B5HZ,51.512310,-0.121531,Westminster
WC2B5JD,51.512639,-0.120866,Westminster
WC2B5JF,51.512874,-0.120366,Westminster
WC2B5JS,51.512471,-0.120469,Westminster
WC2B5JT,51.512648,-0.120739,Westminster
WC2B5JY,51.512708,-0.120030,Westminster
WC2B5JZ,51.512124,-0.119507,Westminster
WC2B5LA,51.512189,-0.119760,Westminster
WC2B5PY,51.513907,-0.122431,Westminster
WC2B5QH,51.513702,-0.122652,Westminster
WC2B5QN,51.514179,-0.122143,Westminster
WC2B5QZ,51.513970,-0.122036,Westminster
WC2B5RR,51.514653,-0.122429,Westminster
WC2B5RX,51.514153,-0.121654,Westminster
WC2B5RZ,51.513898,-0.120871,Westminster
WC2B5SD,51.514102,-0.121295,Westminster
WC2B5SF,51.513961,-0.121431,Westminster
WC2B5SG,51.513389,-0.118875,Westminster
WC2B5SN,51.513774,-0.120444,Westminster
WC2B5SP,51.513449,-0.119809,Westminster
WC2B5SQ,51.513898,-0.120871,Westminster
WC2B5SR,51.513650,-0.119412,Westminster
WC2B5SS,51.513412,-0.119710,Westminster
WC2B5ST,51.513650,-0.119412,Westminster
WC2B5SU,51.513664,-0.119757,Westminster
WC2B5TA,51.514438,-0.121455,Westminster
WC2B5TB,51.514553,-0.121363,Westminster
WC2B5TD,51.514640,-0.121749,Westminster
WC2B6AN,51.513356,-0.117925,Westminster
WC2B6LE,51.514625,-0.118017,Westminster
WC2B6LH,51.513690,-0.117323,Westminster
WC2B6TP,51.514344,-0.118839,Westminster
WC2B6UF,51.514088,-0.118731,Westminster
WC2B6UJ,51.513898,-0.118609,Westminster
WC2B6UN,51.513716,-0.118487,Westminster
WC2B6XF,51.513480,-0.118352,Westminster
WC2B6XG,51.513521,-0.118022,Westminster
WC2B6YF,51.513898,-0.118609,Westminster
WC2E7AA,51.513721,-0.122767,Westminster
WC2E7AE,51.510077,-0.118708,Westminster
WC2E7AH,51.513515,-0.122804,Westminster
WC2E7AT,51.513209,-0.121635,Westminster
WC2E7AU,51.513034,-0.121383,Westminster
WC2E7AW,51.513702,-0.122652,Westminster
WC2E7BB,51.512123,-0.121247,Westminster
WC2E7BD,51.512421,-0.120647,Westminster
WC2E7BN,51.512374,-0.121194,Westminster
WC2E7DA,51.511767,-0.120199,Westminster
WC2E7DD,51.512069,-0.120111,Westminster
WC2E7DN,51.511925,-0.119385,Westminster
WC2E7DS,51.511265,-0.121556,Westminster
WC2E7DT,51.511745,-0.120517,Westminster
WC2E7DU,51.512070,-0.119509,Westminster
WC2E7EA,51.510131,-0.118580,Westminster
WC2E7ED,51.510130,-0.118605,Westminster
WC2E7EE,51.510557,-0.118919,Westminster
WC2E7EN,51.510557,-0.118919,Westminster
WC2E7HA,51.510983,-0.121914,Westminster
WC2E7HE,51.510856,-0.122395,Westminster
WC2E7HG,51.510670,-0.121916,Westminster
WC2E7JA,51.511194,-0.122600,Westminster
WC2E7JS,51.510653,-0.123660,Westminster
WC2E7JT,51.510521,-0.123950,Westminster
WC2E7LB,51.510869,-0.123244,Westminster
WC2E7LH,51.510945,-0.122895,Westminster
WC2E7LJ,51.510946,-0.122870,Westminster
WC2E7LL,51.511040,-0.122646,Westminster
WC2E7LN,51.511073,-0.122472,Westminster
WC2E7NA,51.510676,-0.122964,Westminster
WC2E7NB,51.510831,-0.122511,Westminster
WC2E7ND,51.510771,-0.122701,Westminster
WC2E7NE,51.510588,-0.123054,Westminster
WC2E7NG,51.510589,-0.123169,Westminster
WC2E7NJ,51.510574,-0.123300,Westminster
WC2E7NL,51.510547,-0.123344,Westminster
WC2E7NN,51.510393,-0.123264,Westminster
WC2E7NP,51.510330,-0.123843,Westminster
WC2E7NR,51.510296,-0.123916,Westminster
WC2E7NT,51.513166,-0.119561,Westminster
WC2E7NU,51.512971,-0.119728,Westminster
WC2E7NW,51.510771,-0.122701,Westminster
WC2E7NX,51.512659,-0.119885,Westminster
WC2E7NY,51.511515,-0.121319,Westminster
WC2E7NZ,51.511494,-0.121259,Westminster
WC2E7PA,51.512351,-0.120330,Westminster
WC2E7PB,51.512150,-0.120108,Westminster
WC2E7PG,51.511348,-0.122259,Westminster
WC2E7PH,51.511496,-0.121233,Westminster
WC2E7PN,51.510557,-0.118919,Westminster
WC2E7PP,51.511198,-0.121833,Westminster
WC2E7PS,51.512344,-0.120402,Westminster
WC2E7PW,51.511386,-0.121220,Westminster
WC2E7PX,51.511178,-0.120511,Westminster
WC2E7PZ,51.511693,-0.120746,Westminster
WC2E7QG,51.511484,-0.122325,Westminster
WC2E7QH,51.511486,-0.122455,Westminster
WC2E7RQ,51.511422,-0.120137,Westminster
WC2E8AA,51.512194,-0.121705,Westminster
WC2E8AB,51.512123,-0.121247,Westminster
WC2E8BD,51.511630,-0.121916,Westminster
WC2E8BE,51.512061,-0.122965,Westminster
WC2E8BG,51.512540,-0.123089,Westminster
WC2E8BH,51.512632,-0.123244,Westminster
WC2E8BT,51.513017,-0.123732,Westminster
WC2E8BU,51.513111,-0.123833,Westminster
WC2E8HB,51.512191,-0.123766,Westminster
WC2E8HD,51.512061,-0.122965,Westminster
WC2E8HH,51.511735,-0.123944,Westminster
WC2E8HN,51.511527,-0.124428,Westminster
WC2E8HR,51.511422,-0.124634,Westminster
WC2E8JD,51.511582,-0.124933,Westminster
WC2E8JF,51.511335,-0.124782,Westminster
WC2E8JG,51.511864,-0.124731,Westminster
WC2E8JS,51.511966,-0.124323,Westminster
WC2E8JY,51.512006,-0.124019,Westminster
WC2E8LH,51.510839,-0.123591,Westminster
WC2E8NA,51.511246,-0.123762,Westminster
WC2E8ND,51.510996,-0.124280,Westminster
WC2E8NL,51.511351,-0.123542,Westminster
WC2E8NS,51.512853,-0.124128,Westminster
WC2E8NT,51.512778,-0.123944,Westminster
WC2E8PA,51.512442,-0.123630,Westminster
WC2E8PS,51.511075,-0.123037,Westminster
WC2E8PT,51.511075,-0.123037,Westminster
WC2E8PU,51.511073,-0.123063,Westminster
WC2E8PW,51.511042,-0.123226,Westminster
WC2E8PY,51.510864,-0.123475,Westminster
WC2E8QG,51.510871,-0.123936,Westminster
WC2E8QH,51.510733,-0.124273,Westminster
WC2E8RA,51.512171,-0.122978,Westminster
WC2E8RB,51.511966,-0.122680,Westminster
WC2E8RD,51.512061,-0.122965,Westminster
WC2E8RE,51.512061,-0.122965,Westminster
WC2E8RF,51.512061,-0.122965,Westminster
WC2E8SB,51.510942,-0.124423,Westminster
WC2E9AA,51.512365,-0.126083,Westminster
WC2E9AB,51.512847,-0.126424,Westminster
WC2E9AD,51.512137,-0.126622,Westminster
WC2E9AR,51.511380,-0.125961,Westminster
WC2E9AU,51.511410,-0.126133,Westminster
WC2E9AX,51.511553,-0.126632,Westminster
WC2E9AY,51.511304,-0.126267,Westminster
WC2E9BA,51.511711,-0.126366,Westminster
WC2E9BD,51.511822,-0.126577,Westminster
WC2E9BF,51.511279,-0.125652,Westminster
WC2E9BH,51.511575,-0.125737,Westminster
WC2E9BJ,51.511808,-0.126163,Westminster
WC2E9BL,51.511543,-0.126589,Westminster
WC2E9BN,51.511564,-0.126649,Westminster
WC2E9BP,51.511648,-0.126974,Westminster
WC2E9BT,51.511822,-0.126577,Westminster
WC2E9BZ,51.512274,-0.125017,Westminster
WC2E9DA,51.513207,-0.123191,Westminster
WC2E9DD,51.513046,-0.122679,Westminster
WC2E9DG,51.512667,-0.124309,Westminster
WC2E9DH,51.512425,-0.124236,Westminster
WC2E9DJ,51.512432,-0.124697,Westminster
WC2E9DP,51.512073,-0.125259,Westminster
WC2E9DS,51.511902,-0.125281,Westminster
WC2E9EA,51.511915,-0.126228,Westminster
WC2E9EB,51.511663,-0.125521,Westminster
WC2E9ED,51.511252,-0.124670,Westminster
WC2E9EN,51.510613,-0.124105,Westminster
WC2E9EQ,51.511018,-0.125213,Westminster
WC2E9ER,51.510452,-0.123985,Westminster
WC2E9ES,51.511018,-0.125213,Westminster
WC2E9ET,51.511748,-0.125860,Westminster
WC2E9EU,51.510568,-0.124064,Westminster
WC2E9EZ,51.511921,-0.126011,Westminster
WC2E9FB,51.511828,-0.125139,Westminster
WC2E9FE,51.514451,-0.122866,Westminster
WC2E9HA,51.510105,-0.123683,Westminster
WC2E9HE,51.510623,-0.124569,Westminster
WC2E9HG,51.509735,-0.123752,Westminster
WC2E9HH,51.509735,-0.123752,Westminster
WC2E9HJ,51.510054,-0.124013,Westminster
WC2E9HP,51.510764,-0.125108,Westminster
WC2E9HR,51.512161,-0.124748,Westminster
WC2E9HW,51.512598,-0.123951,Westminster
WC2E9HZ,51.510054,-0.124013,Westminster
WC2E9JD,51.513961,-0.122584,Westminster
WC2E9JL,51.513614,-0.123221,Westminster
WC2E9JN,51.513814,-0.122950,Westminster
WC2E9JP,51.513386,-0.123155,Westminster
WC2E9JR,51.513350,-0.123719,Westminster
WC2E9JS,51.514253,-0.122269,Westminster
WC2E9JT,51.512760,-0.124507,Westminster
WC2E9JY,51.512628,-0.124685,Westminster
WC2E9LA,51.512559,-0.124875,Westminster
WC2E9LB,51.514447,-0.122016,Westminster
WC2E9LD,51.512247,-0.125511,Westminster
WC2E9LG,51.512981,-0.124141,Westminster
WC2E9LH,51.511952,-0.126298,Westminster
WC2E9LN,51.513194,-0.123959,Westminster
WC2E9LQ,51.512979,-0.124166,Westminster
WC2E9LU,51.510280,-0.125171,Westminster
WC2E9LY,51.512352,-0.125403,Westminster
WC2E9LZ,51.512403,-0.125228,Westminster
WC2E9NA,51.514679,-0.122947,Westminster
WC2E9NG,51.514520,-0.122535,Westminster
WC2E9NH,51.514863,-0.122749,Westminster
WC2E9NR,51.513561,-0.123955,Westminster
WC2E9NT,51.513167,-0.124551,Westminster
WC2E9PA,51.512773,-0.125299,Westminster
WC2E9PB,51.512863,-0.125339,Westminster
WC2E9PE,51.512618,-0.125767,Westminster
WC2E9RA,51.514171,-0.123310,Westminster
WC2E9RZ,51.514171,-0.123310,Westminster
WC2E9SZ,51.512760,-0.124507,Westminster
WC2E9TB,51.512720,-0.124263,Westminster
WC2H0AA,51.513033,-0.129237,Westminster
WC2H0AN,51.511847,-0.128612,Westminster
WC2H0AP,51.511291,-0.128242,Westminster
WC2H0AR,51.511082,-0.128669,Westminster
WC2H0AT,51.510777,-0.128696,Westminster
WC2H0AW,51.511291,-0.128242,Westminster
WC2H0BA,51.512935,-0.128708,Westminster
WC2H0BB,51.512236,-0.128290,Westminster
WC2H0BD,51.512655,-0.128633,Westminster
WC2H0BF,51.512700,-0.128660,Westminster
WC2H0BJ,51.512300,-0.128388,Westminster
WC2H0BL,51.512487,-0.128236,Westminster
WC2H0BN,51.512645,-0.128561,Westminster
WC2H0BP,51.512631,-0.128230,Westminster
WC2H0BS,51.511740,-0.128209,Westminster
WC2H0BT,51.512236,-0.128290,Westminster
WC2H0BU,51.512230,-0.128366,Westminster
WC2H0DA,51.511057,-0.128237,Westminster
WC2H0DB,51.510868,-0.128202,Westminster
WC2H0DE,51.510903,-0.128172,Westminster
WC2H0DG,51.510832,-0.128218,Westminster
WC2H0DH,51.510832,-0.128218,Westminster
WC2H0DP,51.513614,-0.129574,Westminster
WC2H0DT,51.514196,-0.129856,Westminster
WC2H0EA,51.515146,-0.130895,Westminster
WC2H0EB,51.514668,-0.130251,Westminster
WC2H0EP,51.510021,-0.128683,Westminster
WC2H0ER,51.509406,-0.129573,Westminster
WC2H0ES,51.510330,-0.128775,Westminster
WC2H0ET,51.510355,-0.128659,Westminster
WC2H0EW,51.515109,-0.130276,Westminster
WC2H0HA,51.509762,-0.128780,Westminster
WC2H0HE,51.509397,-0.128478,Westminster
WC2H0HF,51.509946,-0.127782,Westminster
WC2H0HG,51.510354,-0.128151,Westminster
WC2H0HH,51.509944,-0.127807,Westminster
WC2H0HR,51.510526,-0.128187,Westminster
WC2H0HS,51.510607,-0.128227,Westminster
WC2H0HU,51.510571,-0.128228,Westminster
WC2H0HX,51.510778,-0.128220,Westminster
WC2H0HZ,51.510534,-0.128720,Westminster
WC2H0NE,51.512201,-0.128799,Westminster
WC2H0QA,51.512137,-0.128308,Westminster
WC2H0QE,51.510534,-0.128720,Westminster
WC2H0QL,51.510607,-0.128227,Westminster
WC2H0QP,51.510607,-0.128227,Westminster
WC2H7AA,51.511698,-0.127822,Westminster
WC2H7AB,51.511786,-0.127689,Westminster
WC2H7AD,51.511429,-0.127862,Westminster
WC2H7AE,51.509780,-0.129385,Westminster
WC2H7AF,51.509764,-0.128924,Westminster
WC2H7AG,51.511520,-0.129533,Westminster
WC2H7AH,51.510041,-0.128798,Westminster
WC2H7AJ,51.511196,-0.129629,Westminster
WC2H7AL,51.511519,-0.129559,Westminster
WC2H7AN,51.511078,-0.128971,Westminster
WC2H7AQ,51.510844,-0.128981,Westminster
WC2H7AR,51.511054,-0.129048,Westminster
WC2H7AS,51.510844,-0.128981,Westminster
WC2H7AT,51.510054,-0.129042,Westminster
WC2H7AU,51.509787,-0.129114,Westminster
WC2H7AW,51.511078,-0.128971,Westminster
WC2H7AX,51.510842,-0.128725,Westminster
WC2H7BA,51.511760,-0.129913,Westminster
WC2H7BD,51.511595,-0.129815,Westminster
WC2H7BE,51.511576,-0.130756,Westminster
WC2H7BF,51.511289,-0.131485,Westminster
WC2H7BG,51.511350,-0.131367,Westminster
WC2H7BL,51.511094,-0.131118,Westminster
WC2H7BP,51.510963,-0.130244,Westminster
WC2H7BX,51.511339,-0.130099,Westminster
WC2H7BY,51.511494,-0.130237,Westminster
WC2H7BZ,51.511241,-0.130049,Westminster
WC2H7DE,51.510104,-0.129948,Westminster
WC2H7DF,51.508924,-0.131509,Westminster
WC2H7DH,51.509947,-0.131367,Westminster
WC2H7DQ,51.509080,-0.131128,Westminster
WC2H7DT,51.509825,-0.131491,Westminster
WC2H7DW,51.511466,-0.129042,Westminster
WC2H7DX,51.509845,-0.130495,Westminster
WC2H7DY,51.509542,-0.130666,Westminster
WC2H7EA,51.509176,-0.131542,Westminster
WC2H7ED,51.509028,-0.131246,Westminster
WC2H7EF,51.509202,-0.130864,Westminster
WC2H7EL,51.509731,-0.129646,Westminster
WC2H7EP,51.509162,-0.130649,Westminster
WC2H7ER,51.509037,-0.130698,Westminster
WC2H7HA,51.508638,-0.130372,Westminster
WC2H7HF,51.509192,-0.130119,Westminster
WC2H7HG,51.509190,-0.130144,Westminster
WC2H7HH,51.509190,-0.130144,Westminster
WC2H7HN,51.509661,-0.129808,Westminster
WC2H7HP,51.509661,-0.129808,Westminster
WC2H7HQ,51.509342,-0.130080,Westminster
WC2H7HR,51.509731,-0.129646,Westminster
WC2H7HS,51.509647,-0.129448,Westminster
WC2H7JA,51.512112,-0.127751,Westminster
WC2H7JB,51.512118,-0.127549,Westminster
WC2H7JD,51.512044,-0.128096,Westminster
WC2H7JE,51.511782,-0.127991,Westminster
WC2H7JH,51.511466,-0.129042,Westminster
WC2H7JJ,51.511816,-0.128916,Westminster
WC2H7JN,51.511918,-0.129773,Westminster
WC2H7JP,51.511850,-0.129332,Westminster
WC2H7JR,51.511963,-0.129785,Westminster
WC2H7JS,51.511880,-0.129068,Westminster
WC2H7JX,51.510768,-0.129301,Westminster
WC2H7JY,51.510454,-0.129314,Westminster
WC2H7JZ,51.510135,-0.129082,Westminster
WC2H7LA,51.510135,-0.129082,Westminster
WC2H7LE,51.510687,-0.129290,Westminster
WC2H7LH,51.509975,-0.129723,Westminster
WC2H7LU,51.510210,-0.130798,Westminster
WC2H7NA,51.510869,-0.130439,Westminster
WC2H7NG,51.511127,-0.129820,Westminster
WC2H7PQ,51.511980,-0.129010,Westminster
WC2H7PR,51.512229,-0.129447,Westminster
WC2H7PS,51.512349,-0.129179,Westminster
WC2H7PU,51.512337,-0.129568,Westminster
WC2H7PX,51.512200,-0.128825,Westminster
WC2H7PY,51.512200,-0.128825,Westminster
WC2H7PZ,51.512200,-0.128825,Westminster
WC2H7QA,51.512200,-0.128825,Westminster
WC2H7QB,51.512200,-0.128825,Westminster
WC2H7RJ,51.511494,-0.130237,Westminster
WC2H7RN,51.510963,-0.130244,Westminster
WC2H7RQ,51.511629,-0.127998,Westminster
WC2H8HD,51.513242,-0.128796,Westminster
WC2H8PA,51.513154,-0.128886,Westminster
WC2H9EA,51.512403,-0.127476,Westminster
WC2H9EF,51.512250,-0.126906,Westminster
WC2H9EL,51.513902,-0.123912,Westminster
WC2H9FA,51.513003,-0.125524,Westminster
WC2H9FB,51.512538,-0.126923,Westminster
WC2H9HP,51.513740,-0.125043,Westminster
WC2H9HZ,51.514010,-0.124528,Westminster
WC2H9JA,51.513274,-0.125037,Westminster
WC2H9JE,51.513671,-0.125233,Westminster
WC2H9JG,51.513342,-0.125884,Westminster
WC2H9JJ,51.513340,-0.125910,Westminster
WC2H9JL,51.513340,-0.125910,Westminster
WC2H9JP,51.512982,-0.126587,Westminster
WC2H9JR,51.513151,-0.126436,Westminster
WC2H9JS,51.512816,-0.126854,Westminster
WC2H9JZ,51.512115,-0.126882,Westminster
WC2H9LY,51.513704,-0.124468,Westminster
WC2H9NE,51.513012,-0.128431,Westminster
WC2H9NJ,51.512904,-0.128435,Westminster
WC2H9NL,51.512864,-0.128178,Westminster
WC2H9NQ,51.512946,-0.128246,Westminster
WC2H9NY,51.512232,-0.127342,Westminster
WC2H9PU,51.513666,-0.124916,Westminster
WC2H9PW,51.513529,-0.124680,Westminster
WC2H9QA,51.512752,-0.125563,Westminster
WC2H9QB,51.512887,-0.125683,Westminster
WC2H9QJ,51.513004,-0.126298,Westminster
WC2H9QL,51.513419,-0.124570,Westminster
WC2H9QN,51.512763,-0.125847,Westminster
WC2H9QP,51.512763,-0.125847,Westminster
WC2H9SA,51.513893,-0.123927,Westminster
WC2H9SB,51.514010,-0.124528,Westminster
WC2H9SD,51.513704,-0.124468,Westminster
WC2H9SE,51.513561,-0.123955,Westminster
WC2H9TZ,51.512904,-0.128435,Westminster
WC2H9UB,51.513549,-0.125454,Westminster
WC2N4AA,51.511498,-0.127560,Westminster
WC2N4AG,51.511287,-0.127406,Westminster
WC2N4AJ,51.511285,-0.127868,Westminster
WC2N4AL,51.510894,-0.127610,Westminster
WC2N4AP,51.510798,-0.127239,Westminster
WC2N4AS,51.510522,-0.127283,Westminster
WC2N4AT,51.510655,-0.127245,Westminster
WC2N4AU,51.511108,-0.127486,Westminster
WC2N4AX,51.510521,-0.127308,Westminster
WC2N4AZ,51.510372,-0.127545,Westminster
WC2N4BA,51.509999,-0.127286,Westminster
WC2N4BD,51.509918,-0.127275,Westminster
WC2N4BE,51.509781,-0.127137,Westminster
WC2N4BF,51.509674,-0.127116,Westminster
WC2N4BG,51.510204,-0.127206,Westminster
WC2N4BJ,51.511000,-0.125761,Westminster
WC2N4BN,51.510950,-0.126008,Westminster
WC2N4BP,51.509938,-0.125761,Westminster
WC2N4BW,51.510756,-0.125699,Westminster
WC2N4DD,51.509601,-0.126499,Westminster
WC2N4DH,51.509612,-0.125602,Westminster
WC2N4DN,51.509390,-0.125178,Westminster
WC2N4DQ,51.510292,-0.125401,Westminster
WC2N4DS,51.510891,-0.125722,Westminster
WC2N4DU,51.510566,-0.125649,Westminster
WC2N4DW,51.509396,-0.125470,Westminster
WC2N4EA,51.510828,-0.126834,Westminster
WC2N4EH,51.510773,-0.126638,Westminster
WC2N4EJ,51.510449,-0.126735,Westminster
WC2N4ER,51.510017,-0.126709,Westminster
WC2N4ES,51.509913,-0.126270,Westminster
WC2N4EZ,51.510625,-0.127635,Westminster
WC2N4HE,51.510788,-0.127729,Westminster
WC2N4HG,51.510289,-0.125044,Westminster
WC2N4HN,51.509907,-0.124350,Westminster
WC2N4HP,51.509741,-0.126220,Westminster
WC2N4HS,51.509700,-0.125933,Westminster
WC2N4HU,51.510054,-0.124575,Westminster
WC2N4HW,51.509234,-0.126136,Westminster
WC2N4HX,51.510449,-0.126735,Westminster
WC2N4HZ,51.509049,-0.125715,Westminster
WC2N4JF,51.508474,-0.126412,Westminster
WC2N4JH,51.509296,-0.126609,Westminster
WC2N4JL,51.509665,-0.127242,Westminster
WC2N4JP,51.509786,-0.124658,Westminster
WC2N4JS,51.511263,-0.126950,Westminster
WC2N4LA,51.511162,-0.126388,Westminster
WC2N4LD,51.511223,-0.125665,Westminster
WC2N4LE,51.511205,-0.126257,Westminster
WC2N4LF,51.511017,-0.125703,Westminster
WC2N4LH,51.510994,-0.126413,Westminster
WC2N4LJ,51.511042,-0.126177,Westminster
WC2N4LL,51.510919,-0.126369,Westminster
WC2N5AE,51.506680,-0.124299,Westminster
WC2N5AP,51.507270,-0.124790,Westminster
WC2N5AQ,51.506817,-0.122863,Westminster
WC2N5BW,51.507190,-0.126973,Westminster
WC2N5BX,51.506775,-0.125315,Westminster
WC2N5BY,51.507150,-0.126729,Westminster
WC2N5DA,51.507433,-0.125388,Westminster
WC2N5DB,51.507367,-0.125204,Westminster
WC2N5DE,51.506965,-0.123707,Westminster
WC2N5DG,51.506765,-0.122995,Westminster
WC2N5DJ,51.506080,-0.122375,Westminster
WC2N5DN,51.509097,-0.127684,Westminster
WC2N5DP,51.508364,-0.126849,Westminster
WC2N5DS,51.507279,-0.128695,Westminster
WC2N5DU,51.507209,-0.128294,Westminster
WC2N5DW,51.507211,-0.128381,Westminster
WC2N5DX,51.507211,-0.128381,Westminster
WC2N5EA,51.507270,-0.124790,Westminster
WC2N5EH,51.507528,-0.126152,Westminster
WC2N5EJ,51.507564,-0.126756,Westminster
WC2N5HR,51.507528,-0.126152,Westminster
WC2N5HS,51.508358,-0.124803,Westminster
WC2N5HX,51.508226,-0.124967,Westminster
WC2N5HY,51.508776,-0.124454,Westminster
WC2N5JB,51.508923,-0.124102,Westminster
WC2N5JR,51.507563,-0.126781,Westminster
WC2N5LH,51.508924,-0.124077,Westminster
WC2N5LL,51.508923,-0.124102,Westminster
WC2N5LR,51.509417,-0.123408,Westminster
WC2N5LS,51.509231,-0.123672,Westminster
WC2N5NF,51.507669,-0.125004,Westminster
WC2N5NG,51.507808,-0.125243,Westminster
WC2N5NP,51.507512,-0.124708,Westminster
WC2N5NS,51.506965,-0.123707,Westminster
WC2N5NT,51.507279,-0.124242,Westminster
WC2N5PB,51.507483,-0.125199,Westminster
WC2N5PD,51.507557,-0.125311,Westminster
WC2N5PE,51.507631,-0.125395,Westminster
WC2N5PH,51.507575,-0.124622,Westminster
WC2N5RN,51.507528,-0.126152,Westminster
WC2N5RW,51.508923,-0.124102,Westminster
WC2N5SA,51.507848,-0.125937,Westminster
WC2N6AA,51.509664,-0.121957,Westminster
WC2N6AB,51.509414,-0.121676,Westminster
WC2N6AD,51.509607,-0.121898,Westminster
WC2N6AH,51.509857,-0.122237,Westminster
WC2N6AR,51.508290,-0.123912,Westminster
WC2N6AS,51.508500,-0.123979,Westminster
WC2N6AT,51.508447,-0.124025,Westminster
WC2N6AU,51.508480,-0.123962,Westminster
WC2N6AY,51.508447,-0.124025,Westminster
WC2N6BH,51.508749,-0.122672,Westminster
WC2N6BJ,51.508673,-0.122556,Westminster
WC2N6BL,51.509103,-0.121793,Westminster
WC2N6BN,51.508995,-0.123004,Westminster
WC2N6BP,51.508655,-0.124229,Westminster
WC2N6BX,51.508505,-0.123875,Westminster
WC2N6DF,51.508229,-0.123454,Westminster
WC2N6DR,51.508441,-0.123214,Westminster
WC2N6DU,51.508338,-0.122988,Westminster
WC2N6DX,51.507988,-0.124688,Westminster
WC2N6EF,51.508608,-0.123539,Westminster
WC2N6EG,51.508552,-0.123383,Westminster
WC2N6ET,51.508674,-0.123709,Westminster
WC2N6EZ,51.509396,-0.122743,Westminster
WC2N6HA,51.509260,-0.123238,Westminster
WC2N6HE,51.509065,-0.123462,Westminster
WC2N6HG,51.509067,-0.123437,Westminster
WC2N6HH,51.509131,-0.123604,Westminster
WC2N6HL,51.508840,-0.123962,Westminster
WC2N6HT,51.509091,-0.122237,Westminster
WC2N6HU,51.508560,-0.123887,Westminster
WC2N6HW,51.508655,-0.124229,Westminster
WC2N6JG,51.508805,-0.123488,Westminster
WC2N6JN,51.508666,-0.123220,Westminster
WC2N6JU,51.508769,-0.122941,Westminster
WC2N6LE,51.509414,-0.121676,Westminster
WC2N6LS,51.508668,-0.122802,Westminster
WC2N6LU,51.508963,-0.123110,Westminster
WC2N6NA,51.508365,-0.124518,Westminster
WC2N6ND,51.508217,-0.123829,Westminster
WC2N6NE,51.507958,-0.123378,Westminster
WC2N6NG,51.508087,-0.124122,Westminster
WC2N6NJ,51.507476,-0.122912,Westminster
WC2N6NL,51.508087,-0.124122,Westminster
WC2N6NN,51.507590,-0.123451,Westminster
WC2N6NQ,51.508262,-0.124277,Westminster
WC2N6NS,51.507217,-0.122490,Westminster
WC2N6NU,51.507551,-0.120960,Westminster
WC2N6PA,51.507388,-0.122062,Westminster
WC2N6PB,51.507984,-0.121536,Westminster
WC2N6RH,51.507988,-0.124688,Westminster
WC2N6RJ,51.509770,-0.122569,Westminster
WC2R0AA,51.510588,-0.120258,Westminster
WC2R0AB,51.510589,-0.120233,Westminster
WC2R0AG,51.510870,-0.119944,Westminster
WC2R0AL,51.510224,-0.122838,Westminster
WC2R0AP,51.510986,-0.119305,Westminster
WC2R0BA,51.510907,-0.119438,Westminster
WC2R0BL,51.510033,-0.119301,Westminster
WC2R0BN,51.509597,-0.121265,Westminster
WC2R0BP,51.509944,-0.119925,Westminster
WC2R0BU,51.510288,-0.119507,Westminster
WC2R0DA,51.510498,-0.119700,Westminster
WC2R0DE,51.509961,-0.122114,Westminster
WC2R0DT,51.509867,-0.121718,Westminster
WC2R0DU,51.510126,-0.121733,Westminster
WC2R0DW,51.510275,-0.121399,Westminster
WC2R0ET,51.510166,-0.120895,Westminster
WC2R0EW,51.510550,-0.120721,Westminster
WC2R0EX,51.510472,-0.120742,Westminster
WC2R0EY,51.510185,-0.120405,Westminster
WC2R0EZ,51.510341,-0.121104,Westminster
WC2R0HS,51.511309,-0.119713,Westminster
WC2R0JE,51.510853,-0.121083,Westminster
WC2R0JF,51.510963,-0.120675,Westminster
WC2R0JJ,51.511092,-0.120886,Westminster
WC2R0JR,51.509760,-0.124169,Westminster
WC2R0JS,51.509760,-0.124169,Westminster
WC2R0JT,51.510130,-0.123131,Westminster
WC2R0JU,51.510262,-0.123514,Westminster
WC2R0LP,51.510522,-0.122239,Westminster
WC2R0LQ,51.510636,-0.121485,Westminster
WC2R0LR,51.510706,-0.121464,Westminster
WC2R0LS,51.510537,-0.122051,Westminster
WC2R0LT,51.510490,-0.121992,Westminster
WC2R0LX,51.510514,-0.122394,Westminster
WC2R0NB,51.510362,-0.122415,Westminster
WC2R0NE,51.510319,-0.122590,Westminster
WC2R0NH,51.510345,-0.122502,Westminster
WC2R0NP,51.510459,-0.122901,Westminster
WC2R0NR,51.510152,-0.122827,Westminster
WC2R0NS,51.510126,-0.122842,Westminster
WC2R0NT,51.510130,-0.123131,Westminster
WC2R0PD,51.510053,-0.123252,Westminster
WC2R0PP,51.510281,-0.123474,Westminster
WC2R0PS,51.509885,-0.123403,Westminster
WC2R0PT,51.509943,-0.123225,Westminster
WC2R0PZ,51.509939,-0.123542,Westminster
WC2R0QE,51.509674,-0.123870,Westminster
WC2R0QN,51.509272,-0.124592,Westminster
WC2R0QS,51.509099,-0.125017,Westminster
WC2R0QU,51.508880,-0.125358,Westminster
WC2R0RE,51.510040,-0.121967,Westminster
WC2R0RG,51.508276,-0.126391,Westminster
WC2R0RL,51.510040,-0.121967,Westminster
WC2R0RN,51.510732,-0.116938,Westminster
WC2R0ZA,51.509867,-0.121718,Westminster
WC2R1AB,51.512217,-0.114632,Westminster
WC2R1AE,51.512642,-0.116430,Westminster
WC2R1AP,51.513088,-0.112993,Westminster
WC2R1AT,51.513127,-0.112631,Westminster
WC2R1BA,51.513358,-0.112322,Westminster
WC2R1BE,51.513382,-0.112289,Westminster
WC2R1BF,51.513462,-0.112213,Westminster
WC2R1BH,51.513314,-0.114615,Westminster
WC2R1DA,51.513513,-0.112053,Westminster
WC2R1DH,51.513183,-0.113882,Westminster
WC2R1DJ,51.512906,-0.113432,Westminster
WC2R1EA,51.512422,-0.115084,Westminster
WC2R1EH,51.512317,-0.115374,Westminster
WC2R1EP,51.512225,-0.115781,Westminster
WC2R1ES,51.512188,-0.116863,Westminster
WC2R1HA,51.512084,-0.118208,Westminster
WC2R1HG,51.511168,-0.118880,Westminster
WC2R1HH,51.511326,-0.118487,Westminster
WC2R1HL,51.511567,-0.117927,Westminster
WC2R1JA,51.511473,-0.118233,Westminster
WC2R1JD,51.511465,-0.118305,Westminster
WC2R1LA,51.510925,-0.117708,Westminster
WC2R1LT,51.510925,-0.117708,Westminster
WC2R2AB,51.509981,-0.117073,Westminster
WC2R2LS,51.511612,-0.116253,Westminster
WC2R2NA,51.511793,-0.115784,Westminster
WC2R2ND,51.512112,-0.115400,Westminster
WC2R2NS,51.511183,-0.115334,Westminster
WC2R2PG,51.511651,-0.112969,Westminster
WC2R2PH,51.511031,-0.113712,Westminster
WC2R2PN,51.510814,-0.111919,Westminster
WC2R2PP,51.509980,-0.117098,Westminster
WC2R3AA,51.512295,-0.112784,Westminster
WC2R3AL,51.511956,-0.112521,Westminster
WC2R3AT,51.512158,-0.112210,Westminster
WC2R3BD,51.511601,-0.112247,Westminster
WC2R3DA,51.512086,-0.114432,Westminster
WC2R3DX,51.511507,-0.113537,Westminster
WC2R3HU,51.512778,-0.113308,Westminster
WC2R3HY,51.512778,-0.113308,Westminster
WC2R3JE,51.512752,-0.112776,Westminster
WC2R3JF,51.512870,-0.112886,Westminster
WC2R3JH,51.512907,-0.112380,Westminster
WC2R3JJ,51.513140,-0.112846,Westminster
WC2R3LA,51.511996,-0.113326,Westminster
WC2R3LD,51.512446,-0.113195,Westminster
WC2R3LL,51.512791,-0.113553,Westminster
